lat,lon,polygon_id
-31.605564,131.535899,0
-31.474786,131.135427,0
-31.554295,130.9935,0
-31.608087,130.79005,0
-31.573907,130.156912,0
-31.656427,129.20045,0
-31.708103,128.931651,0
-31.845798,128.655284,0
-32.084242,128.017345,0
-32.123142,127.766287,0
-32.27337,127.288748,0
-32.316583,126.677745,0
-32.232517,126.18572,0
-32.280532,126.078787,0
-32.27337,126.007579,0
-32.548379,125.537275,0
-32.737237,125.000255,0
-32.867698,124.833991,0
-32.952813,124.356944,0
-33.038018,124.201182,0
-33.155694,124.094737,0
-33.567315,123.952485,0
-33.714125,123.756847,0
-33.804946,123.729015,0
-33.884373,123.566661,0
-33.938653,123.526622,0
-33.890883,123.383311,0
-33.986505,123.266612,0
-34.009454,123.154633,0
-33.904474,123.113617,0
-33.86061,123.023123,0
-33.903741,122.840831,0
-33.876642,122.776622,0
-33.894789,122.607432,0
-33.959161,122.560313,0
-33.915297,122.349864,0
-33.959242,122.267751,0
-34.022068,122.257823,0
-33.993341,122.217621,0
-34.020685,122.187266,0
-34.019138,122.094737,0
-34.014418,122.073578,0
-33.964044,122.105805,0
-33.891534,122.074229,0
-33.820733,122.005707,0
-33.897149,121.793712,0
-33.857192,121.697276,0
-33.876397,121.628429,0
-33.819513,121.532888,0
-33.815199,121.333751,0
-33.867934,121.166352,0
-33.842462,121.097667,0
-33.892999,120.562185,0
-33.936782,120.527354,0
-33.97381,120.394298,0
-33.938653,120.278575,0
-33.952325,120.100434,0
-33.926039,120.002208,0
-33.984959,119.806163,0
-34.142022,119.572032,0
-34.313409,119.469493,0
-34.358575,119.483897,0
-34.383722,119.559255,0
-34.404555,119.479503,0
-34.37005,119.408458,0
-34.411716,119.376475,0
-34.458754,119.401541,0
-34.49505,119.364024,0
-34.445896,119.301443,0
-34.532159,119.229991,0
-34.472426,119.116954,0
-34.452569,118.839854,0
-34.500421,118.887706,0
-34.558038,118.727306,0
-34.603448,118.757335,0
-34.635837,118.724946,0
-34.740004,118.442638,0
-34.825942,118.38738,0
-34.900974,118.398448,0
-34.945489,118.160818,0
-35.016778,118.199392,0
-34.987074,118.106212,0
-35.031427,117.83546,0
-35.08172,117.888927,0
-35.041681,117.901378,0
-35.089532,117.951996,0
-35.088149,118.001475,0
-35.117364,117.948578,0
-35.046319,117.684337,0
-35.080255,117.626801,0
-35.137872,117.61964,0
-35.017836,117.340587,0
-35.007501,117.191661,0
-35.062758,117.140391,0
-35.013442,116.949962,0
-35.054864,116.877696,0
-35.007501,116.736339,0
-35.050226,116.637869,0
-35.000665,116.465099,0
-34.949477,116.39503,0
-34.924981,116.382986,0
-34.939223,116.503673,0
-34.857517,116.387543,0
-34.917413,116.37615,0
-34.838637,116.096202,0
-34.835626,115.978526,0
-34.701918,115.915782,0
-34.445896,115.612315,0
-34.301853,115.290782,0
-34.301853,115.183767,0
-34.363377,115.118826,0
-34.24505,115.010427,0
-33.859552,114.961192,0
-33.78102,114.988536,0
-33.682306,114.956798,0
-33.616957,115.003917,0
-33.521091,114.988536,0
-33.644627,115.194672,0
-33.63128,115.367198,0
-33.512384,115.5171,0
-33.308038,115.625987,0
-33.297133,115.701671,0
-33.270685,115.710134,0
-33.193129,115.697927,0
-33.287693,115.66684,0
-33.024998,115.674571,0
-32.661716,115.600922,0
-32.512953,115.700938,0
-32.656915,115.639659,0
-32.78045,115.714122,0
-32.628513,115.658865,0
-32.637302,115.748709,0
-32.602309,115.769298,0
-32.537042,115.714529,0
-32.418715,115.745616,0
-32.369561,115.707856,0
-32.333185,115.73585,0
-32.27337,115.673676,0
-32.264418,115.73585,0
-32.185642,115.756847,0
-31.772638,115.721528,0
-31.648614,115.680349,0
-31.303481,115.4546,0
-30.990818,115.312999,0
-30.827244,115.180919,0
-30.522393,115.060802,0
-30.320082,115.008962,0
-30.262872,115.022797,0
-30.214044,114.974864,0
-30.145685,114.988536,0
-30.03102,114.942638,0
-29.902439,114.967459,0
-29.658136,114.946056,0
-29.479913,114.97877,0
-29.108575,114.842459,0
-28.838556,114.60377,0
-28.785089,114.577485,0
-28.655857,114.589854,0
-28.522393,114.531098,0
-28.230157,114.310069,0
-28.106703,114.166026,0
-27.862726,114.097911,0
-27.687758,114.143891,0
-27.315362,114.012543,0
-26.675651,113.590579,0
-26.415946,113.312625,0
-26.240098,113.24467,0
-26.151926,113.15698,0
-26.185559,113.258252,0
-26.234857,113.275971,0
-25.996651,113.306224,0
-26.274896,113.327998,0
-26.382755,113.38427,0
-26.274944,113.3533,0
-26.2098,113.377253,0
-26.012815,113.362674,0
-26.17658,113.396642,0
-26.159384,113.451631,0
-26.376189,113.503317,0
-26.479943,113.486755,0
-26.354918,113.525653,0
-26.273809,113.51387,0
-26.287118,113.543565,0
-26.565081,113.565507,0
-26.553117,113.593765,0
-26.439997,113.625147,0
-26.598077,113.628754,0
-26.600975,113.662177,0
-26.652893,113.669586,0
-26.61424,113.694918,0
-26.599415,113.812432,0
-26.563486,113.813879,0
-26.52213,113.870286,0
-26.342673,113.884773,0
-26.241388,113.781749,0
-26.221604,113.684138,0
-26.139386,113.648878,0
-26.089343,113.577239,0
-25.940989,113.557553,0
-25.919536,113.518765,0
-25.853422,113.511872,0
-25.728215,113.420781,0
-25.654663,113.422647,0
-25.509337,113.51525,0
-25.600955,113.520796,0
-25.632113,113.58434,0
-25.780791,113.675184,0
-25.79544,113.727832,0
-25.866632,113.722341,0
-25.885217,113.756951,0
-26.148046,113.70436,0
-26.197035,113.728004,0
-26.206715,113.795386,0
-26.12171,113.84807,0
-26.043321,113.878842,0
-25.944268,113.854503,0
-25.976373,113.909577,0
-26.119317,113.906016,0
-26.139464,113.948087,0
-26.33172,113.969981,0
-26.390888,114.021534,0
-26.447882,114.103776,0
-26.375541,114.207361,0
-26.316584,114.234371,0
-26.195862,114.191895,0
-26.06463,114.22755,0
-25.978936,114.186534,0
-25.989516,114.268565,0
-25.927423,114.234223,0
-25.841892,114.258556,0
-25.789727,114.155284,0
-25.449802,113.928396,0
-25.171808,113.802419,0
-25.105239,113.692149,0
-24.993097,113.645763,0
-24.93377,113.666759,0
-24.892755,113.610606,0
-24.728285,113.60434,0
-24.53281,113.439464,0
-24.41367,113.391449,0
-24.249119,113.385265,0
-24.17018,113.433279,0
-24.049412,113.414561,0
-23.990655,113.455333,0
-23.910333,113.459727,0
-23.624688,113.60434,0
-23.527032,113.737559,0
-23.457696,113.768809,0
-23.327081,113.782481,0
-23.162286,113.748302,0
-23.051365,113.811534,0
-22.930597,113.807384,0
-22.788751,113.759776,0
-22.727797,113.658946,0
-22.577732,113.646658,0
-22.330824,113.803966,0
-21.952569,113.947032,0
-21.837823,114.035818,0
-21.802992,114.172211,0
-22.17547,114.077485,0
-22.275323,114.12436,0
-22.330987,114.109711,0
-22.294529,114.147472,0
-22.317478,114.171397,0
-22.398858,114.117686,0
-22.477716,114.11085,0
-22.521742,114.179698,0
-22.443292,114.286632,0
-22.493829,114.337413,0
-22.478285,114.367035,0
-22.172296,114.467621,0
-22.16367,114.497813,0
-22.069268,114.522309,0
-22.00449,114.495616,0
-22.041925,114.550304,0
-21.843357,114.646739,0
-21.693943,114.928966,0
-21.665216,115.105154,0
-21.501153,115.478526,0
-21.321954,115.625987,0
-21.225763,115.818696,0
-21.059015,115.936697,0
-20.969985,116.151541,0
-20.846856,116.1963,0
-20.863214,116.289399,0
-20.814711,116.451508,0
-20.659356,116.699392,0
-20.534926,116.790863,0
-20.539321,116.845388,0
-20.657159,116.783946,0
-20.712091,116.855479,0
-20.596368,117.154063,0
-20.673517,117.181326,0
-20.727716,117.35377,0
-20.706313,117.513438,0
-20.657322,117.602712,0
-20.658461,117.736339,0
-20.616876,117.839366,0
-20.555108,117.91863,0
-20.492771,117.940684,0
-20.356134,118.15089,0
-20.371677,118.230805,0
-20.335707,118.322276,0
-20.362074,118.368826,0
-20.28102,118.805675,0
-20.050388,118.97462,0
-19.966729,119.09547,0
-20.00742,119.161388,0
-19.966241,119.163259,0
-19.958917,119.192393,0
-19.999933,119.463064,0
-20.065851,119.589854,0
-20.003676,119.71754,0
-19.96266,119.734386,0
-19.86712,120.3685,0
-19.633722,120.954356,0
-19.520685,121.128266,0
-19.354099,121.311534,0
-19.069594,121.519379,0
-18.810235,121.642589,0
-18.712498,121.613292,0
-18.703709,121.715587,0
-18.657403,121.769054,0
-18.606134,121.77475,0
-18.580987,121.731619,0
-18.462579,121.811046,0
-18.464451,121.91033,0
-18.121189,122.347016,0
-18.063897,122.369151,0
-17.983005,122.344086,0
-17.978285,122.16977,0
-17.91131,122.207856,0
-17.71087,122.205414,0
-17.563653,122.14324,0
-17.261163,122.172048,0
-17.139255,122.279633,0
-17.12127,122.256602,0
-17.089288,122.276052,0
-16.972752,122.412771,0
-16.950453,122.45102,0
-16.981622,122.450857,0
-16.970961,122.478282,0
-16.92018,122.472911,0
-16.970961,122.594981,0
-16.861749,122.526134,0
-16.779555,122.582367,0
-16.800226,122.642833,0
-16.758722,122.7588,0
-16.779718,122.820974,0
-16.702895,122.746104,0
-16.604425,122.7588,0
-16.512302,122.886404,0
-16.415948,122.916189,0
-16.382582,123.020274,0
-16.422947,122.998383,0
-16.470636,123.053722,0
-16.473403,122.990001,0
-16.580336,122.959809,0
-16.625421,122.980724,0
-16.614353,123.021007,0
-16.692478,123.042817,0
-16.712091,123.102061,0
-16.686293,123.132172,0
-16.769301,123.094493,0
-16.807712,123.15089,0
-16.913751,123.143321,0
-17.014744,123.260427,0
-17.315606,123.38795,0
-17.429783,123.501475,0
-17.595147,123.570811,0
-17.361993,123.567638,0
-17.184747,123.644298,0
-17.094008,123.5796,0
-16.985121,123.594981,0
-16.995782,123.656016,0
-17.060317,123.680186,0
-17.066095,123.733409,0
-17.210382,123.86085,0
-17.21559,123.913341,0
-17.163263,123.85377,0
-17.000095,123.794607,0
-17.025567,123.863048,0
-16.946547,123.841645,0
-16.828546,123.953298,0
-16.800226,123.931407,0
-16.858982,123.902599,0
-16.89072,123.792491,0
-16.741876,123.708263,0
-16.665297,123.595551,0
-16.653904,123.509939,0
-16.546319,123.609223,0
-16.532159,123.533458,0
-16.56699,123.543468,0
-16.566664,123.512543,0
-16.491143,123.424164,0
-16.500258,123.492524,0
-16.4638,123.465831,0
-16.525974,123.643321,0
-16.505466,123.588145,0
-16.48447,123.654063,0
-16.407973,123.506114,0
-16.429783,123.711681,0
-16.364679,123.631602,0
-16.38128,123.711681,0
-16.333591,123.711681,0
-16.293145,123.619151,0
-16.31992,123.601817,0
-16.265232,123.539724,0
-16.242446,123.576427,0
-16.176935,123.57016,0
-16.136326,123.724132,0
-16.191095,123.806895,0
-16.20436,123.766856,0
-16.231134,123.82838,0
-16.246026,123.813487,0
-16.258966,123.732677,0
-16.327325,123.862641,0
-16.368097,123.866059,0
-16.368259,123.835216,0
-16.429783,123.863048,0
-16.429783,123.889659,0
-16.3388,123.891856,0
-16.377862,123.992849,0
-16.293634,123.951427,0
-16.278904,123.986013,0
-16.217462,123.910899,0
-16.272231,124.126231,0
-16.395603,124.222667,0
-16.407973,124.342133,0
-16.35117,124.386078,0
-16.393324,124.473643,0
-16.385349,124.768728,0
-16.425714,124.839692,0
-16.402439,124.903982,0
-16.326593,124.596202,0
-16.329278,124.401541,0
-16.214939,124.378429,0
-16.153578,124.425548,0
-16.057794,124.434337,0
-16.060479,124.465831,0
-16.176446,124.520356,0
-16.128106,124.546723,0
-16.115004,124.596202,0
-15.988865,124.583751,0
-15.977227,124.615977,0
-15.898696,124.609711,0
-15.865655,124.642589,0
-15.881036,124.684255,0
-15.806573,124.732677,0
-15.806573,124.609711,0
-15.998305,124.486339,0
-15.826349,124.438487,0
-15.87477,124.404307,0
-15.676202,124.376475,0
-15.635186,124.404307,0
-15.669366,124.417979,0
-15.621515,124.427501,0
-15.608005,124.396821,0
-15.525323,124.376475,0
-15.525079,124.447765,0
-15.468683,124.472911,0
-15.504978,124.629649,0
-15.415948,124.640147,0
-15.472345,124.654063,0
-15.473891,124.682628,0
-15.392348,124.683442,0
-15.357517,124.732677,0
-15.33294,124.705333,0
-15.352309,124.669688,0
-15.298435,124.697927,0
-15.291925,124.663748,0
-15.250421,124.663748,0
-15.285252,124.756602,0
-15.33294,124.739513,0
-15.291925,124.797862,0
-15.318048,124.83546,0
-15.354099,124.822032,0
-15.361017,124.920421,0
-15.422296,124.993337,0
-15.477634,124.979747,0
-15.463311,125.017589,0
-15.498224,125.049815,0
-15.44964,125.061697,0
-15.517836,125.185232,0
-15.418878,125.07252,0
-15.347263,125.08961,0
-15.313084,125.144298,0
-15.281427,125.038097,0
-15.339776,124.917735,0
-15.296808,124.885265,0
-15.229262,124.924653,0
-15.221287,125.006521,0
-15.162286,125.055431,0
-15.162286,124.979747,0
-15.250421,124.869884,0
-15.165948,124.869884,0
-15.164727,124.834239,0
-15.141209,124.84197,0
-15.101495,124.896658,0
-15.134942,124.972911,0
-15.100274,125.021251,0
-14.970392,125.000173,0
-14.990981,125.041759,0
-14.96852,125.072276,0
-15.031915,125.061697,0
-15.059828,125.075938,0
-15.038751,125.123709,0
-15.162286,125.165294,0
-15.028009,125.145763,0
-15.011407,125.165294,0
-15.044529,125.172618,0
-15.066095,125.246593,0
-15.140558,125.288259,0
-15.137953,125.43214,0
-15.107599,125.37379,0
-15.076593,125.390636,0
-15.051446,125.366466,0
-15.009047,125.429535,0
-14.993422,125.280935,0
-14.956231,125.287608,0
-14.945489,125.186778,0
-14.90838,125.215831,0
-14.920099,125.289724,0
-14.885024,125.308849,0
-14.844822,125.202159,0
-14.779392,125.188731,0
-14.735935,125.135997,0
-14.70086,125.211436,0
-14.668145,125.204926,0
-14.671563,125.260265,0
-14.634698,125.30128,0
-14.61419,125.232921,0
-14.573175,125.314789,0
-14.498712,125.347667,0
-14.607354,125.342784,0
-14.539158,125.390636,0
-14.638849,125.439464,0
-14.490655,125.493663,0
-14.497491,125.555024,0
-14.553318,125.539561,0
-14.545343,125.589203,0
-14.4013,125.617198,0
-14.245701,125.585623,0
-14.223728,125.618175,0
-14.291436,125.706554,0
-14.270929,125.733165,0
-14.333673,125.710948,0
-14.333103,125.658051,0
-14.506768,125.684337,0
-14.634698,125.637706,0
-14.398533,125.732921,0
-14.470147,125.733165,0
-14.434828,125.798106,0
-14.457615,125.849946,0
-14.484308,125.817231,0
-14.584568,125.833018,0
-14.637791,125.918142,0
-14.51865,125.925059,0
-14.545343,125.983409,0
-14.508722,126.04127,0
-14.380792,125.980235,0
-14.35003,126.060883,0
-14.23561,126.062999,0
-14.195245,126.144786,0
-14.094903,126.134451,0
-14.07822,126.006602,0
-14.021417,125.97283,0
-13.990411,125.980235,0
-14.028497,126.033865,0
-13.984063,126.047374,0
-14.025079,126.096365,0
-13.969415,126.085948,0
-13.922052,126.017345,0
-13.931817,126.060069,0
-13.889418,126.086436,0
-13.925388,126.091563,0
-13.922133,126.151622,0
-14.017755,126.110606,0
-13.956231,126.22047,0
-14.010919,126.165863,0
-14.039646,126.214203,0
-14.049005,126.169119,0
-14.085382,126.165863,0
-14.081476,126.21225,0
-14.159601,126.191091,0
-14.185154,126.241466,0
-14.212986,126.226573,0
-14.230076,126.288829,0
-14.184666,126.345063,0
-14.136489,126.293712,0
-14.059259,126.329112,0
-13.969903,126.43214,0
-13.991957,126.469981,0
-13.928969,126.527517,0
-13.94199,126.569184,0
-14.077569,126.453298,0
-14.072931,126.52768,0
-14.113377,126.493663,0
-14.147393,126.521495,0
-14.140558,126.569184,0
-14.230076,126.603526,0
-14.175388,126.61085,0
-14.143976,126.651866,0
-14.066095,126.651866,0
-14.120782,126.692719,0
-14.072931,126.733735,0
-14.010919,126.747406,0
-14.031915,126.720225,0
-13.983575,126.707205,0
-13.982599,126.829763,0
-13.949395,126.810069,0
-13.949395,126.85727,0
-13.923517,126.807872,0
-13.791762,126.747406,0
-13.768324,126.814464,0
-13.818536,126.843028,0
-13.798028,126.877208,0
-13.768976,126.846446,0
-13.743341,126.863536,0
-13.76393,126.913748,0
-13.743341,126.90504,0
-13.723565,126.952891,0
-13.777765,127.02003,0
-13.825942,127.021169,0
-13.828058,127.07016,0
-13.887384,127.055349,0
-13.883884,127.085134,0
-13.967706,127.129731,0
-13.880548,127.165212,0
-13.949314,127.196951,0
-13.892022,127.236827,0
-13.961196,127.332693,0
-13.901056,127.330251,0
-13.963067,127.398611,0
-13.94199,127.418468,0
-14.057306,127.450206,0
-14.178399,127.666026,0
-14.380792,127.823578,0
-14.436619,127.826915,0
-14.422459,127.87143,0
-14.483819,127.857921,0
-14.474054,127.887218,0
-14.532892,127.954763,0
-14.573175,127.947276,0
-14.560724,128.005382,0
-14.633477,128.066417,0
-14.718194,128.231293,0
-14.74391,128.227794,0
-14.736993,128.184825,0
-14.829848,128.190603,0
-14.853774,128.117931,0
-14.895196,128.132823,0
-15.106622,128.068533,0
-15.277765,128.075694,0
-15.291925,128.042735,0
-15.404474,128.072276,0
-15.496515,128.024262,0
-15.424574,128.101329,0
-15.182061,128.125173,0
-15.260186,128.224457,0
-15.401788,128.289317,0
-15.290704,128.291759,0
-15.205662,128.220225,0
-15.056817,128.195811,0
-14.904962,128.313487,0
-15.037286,128.350108,0
-14.984063,128.364919,0
-15.042657,128.450206,0
-15.001642,128.459809,0
-14.884454,128.406016,0
-14.849867,128.438975,0
-14.803399,128.388438,0
-14.752862,128.5324,0
-14.905369,129.102306,0
-14.981866,129.18393,0
-15.117364,129.199229,0
-15.223728,129.152599,0
-15.169692,129.221446,0
-15.2374,129.214122,0
-15.107599,129.263031,0
-14.836602,129.22877,0
-14.887872,129.263031,0
-14.862074,129.324392,0
-14.93377,129.476573,0
-15.053643,129.572439,0
-15.169692,129.585216,0
-15.134942,129.645518,0
-15.199151,129.677257,0
-15.193617,129.727061,0
-14.94256,129.611827,0
-14.832696,129.649181,0
-14.861505,129.785655,0
-14.78338,129.935395,0
-14.805922,129.982432,0
-14.72503,129.993337,0
-14.819594,129.762706,0
-14.764418,129.796886,0
-14.784845,129.711599,0
-14.613458,129.588064,0
-14.59588,129.717621,0
-14.531671,129.789399,0
-14.575372,129.667328,0
-14.545343,129.53533,0
-14.408787,129.358084,0
-14.329278,129.372895,0
-14.144464,129.493175,0
-14.051853,129.482188,0
-14.092869,129.585216,0
-13.997247,129.605724,0
-14.035252,129.632579,0
-13.991795,129.735606,0
-13.931817,129.749197,0
-13.867446,129.715994,0
-13.761977,129.815929,0
-13.757582,129.783214,0
-13.675714,129.785492,0
-13.437677,129.891287,0
-13.511407,129.914724,0
-13.53045,129.968923,0
-13.461033,130.133962,0
-13.323826,130.254161,0
-13.346368,130.332286,0
-13.164646,130.122732,0
-12.940525,130.129893,0
-12.901056,130.181,0
-12.942071,130.225108,0
-12.90602,130.318614,0
-12.842462,130.351817,0
-12.672052,130.35434,0
-12.681329,130.400157,0
-12.626723,130.448009,0
-12.654067,130.516124,0
-12.596449,130.506847,0
-12.709242,130.586436,0
-12.700616,130.692882,0
-12.674493,130.598806,0
-12.628351,130.560395,0
-12.603936,130.617524,0
-12.58172,130.57838,0
-12.452407,130.59254,0
-12.436944,130.620372,0
-12.400811,130.57838,0
-12.383233,130.641124,0
-12.434991,130.783865,0
-12.585138,130.79005,0
-12.537367,130.811046,0
-12.639825,130.899913,0
-12.597833,130.90919,0
-12.626723,130.968598,0
-12.513604,130.87379,0
-12.537367,130.968598,0
-12.451349,130.882823,0
-12.447931,130.824718,0
-12.400811,130.824718,0
-12.331964,130.907237,0
-12.373468,131.05128,0
-12.191339,130.996104,0
-12.147149,131.026134,0
-12.167413,131.077891,0
-12.146254,131.105968,0
-12.236261,131.257335,0
-12.201593,131.236176,0
-12.043878,131.296235,0
-12.219659,131.346853,0
-12.289809,131.447765,0
-12.27044,131.784353,0
-12.215916,131.896983,0
-12.26393,131.933849,0
-12.306736,132.057872,0
-12.156345,132.251313,0
-12.228204,132.278331,0
-12.215997,132.379893,0
-12.303643,132.421641,0
-12.380304,132.387543,0
-12.300388,132.449392,0
-12.231622,132.422862,0
-12.15488,132.439626,0
-12.091567,132.563975,0
-12.136814,132.679047,0
-12.133396,132.757579,0
-12.067153,132.634532,0
-11.848565,132.652192,0
-11.784438,132.593028,0
-11.653497,132.695567,0
-11.611017,132.578868,0
-11.47617,132.495372,0
-11.434991,132.369884,0
-11.457696,132.232758,0
-11.523126,132.106456,0
-11.484145,132.042817,0
-11.418634,132.040701,0
-11.394464,131.947765,0
-11.351251,131.976085,0
-11.305597,131.870942,0
-11.310805,131.767589,0
-11.29046,131.804861,0
-11.26336,131.789724,0
-11.277439,131.838878,0
-11.201593,131.819102,0
-11.220798,131.8685,0
-11.17197,131.882498,0
-11.251397,131.940278,0
-11.226251,131.983246,0
-11.129164,131.985606,0
-11.192478,132.07781,0
-11.228936,132.085948,0
-11.208754,132.114513,0
-11.331964,132.10727,0
-11.343683,132.127778,0
-11.303399,132.140636,0
-11.406427,132.174653,0
-11.410333,132.203868,0
-11.351251,132.188324,0
-11.363865,132.226899,0
-11.339451,132.235606,0
-11.303399,132.188324,0
-11.216892,132.190766,0
-11.137302,132.148123,0
-11.132745,132.188324,0
-11.268487,132.285167,0
-11.162205,132.277517,0
-11.161798,132.319591,0
-11.122003,132.343028,0
-11.283136,132.37794,0
-11.212498,132.445079,0
-11.234145,132.474946,0
-11.338149,132.517345,0
-11.406427,132.613536,0
-11.508396,132.674164,0
-11.508233,132.73699,0
-11.399672,132.833263,0
-11.418878,132.894867,0
-11.338149,132.867442,0
-11.331801,132.910981,0
-11.509942,133.07602,0
-11.560968,133.074229,0
-11.70436,133.166759,0
-11.729587,133.261241,0
-11.688246,133.292003,0
-11.688246,133.34669,0
-11.759454,133.323741,0
-11.761,133.372406,0
-11.72381,133.407237,0
-11.766778,133.405284,0
-11.790785,133.478526,0
-11.749119,133.532074,0
-11.865818,133.532074,0
-11.811212,133.55836,0
-11.821384,133.655284,0
-11.770196,133.682384,0
-11.770196,133.751231,0
-11.714939,133.802501,0
-11.722345,133.915782,0
-11.757908,133.938975,0
-11.806817,133.846365,0
-11.855239,133.843761,0
-11.91367,133.943126,0
-11.844822,134.056,0
-11.927911,134.087087,0
-11.87949,134.13795,0
-11.947686,134.195079,0
-11.976658,134.167817,0
-12.07643,134.185802,0
-11.968194,134.285004,0
-12.05755,134.428966,0
-12.064386,134.594249,0
-11.960626,134.704763,0
-11.947686,134.768565,0
-12.12656,134.861095,0
-12.146091,134.967052,0
-12.259942,135.07016,0
-12.243767,135.147221,0
-12.300823,135.21759,0
-12.274591,135.229991,0
-12.228222,135.170075,0
-12.245701,135.338145,0
-12.226332,135.349376,0
-12.19133,135.222684,0
-12.153741,135.313487,0
-12.12831,135.302948,0
-12.087613,135.366267,0
-12.113572,135.460219,0
-12.062265,135.536242,0
-12.098565,135.587901,0
-12.018483,135.711997,0
-12.05755,135.581065,0
-11.965102,135.59254,0
-11.919366,135.775157,0
-11.84588,135.875255,0
-11.766778,135.868419,0
-11.75921,135.900401,0
-11.777032,135.936778,0
-11.849899,135.903417,0
-11.951918,135.811209,0
-12.003019,135.716907,0
-11.968194,135.91627,0
-12.005548,135.82838,0
-12.147143,135.668823,0
-12.203286,135.652138,0
-12.311456,135.731944,0
-12.151625,135.880138,0
-12.182306,135.912608,0
-12.064386,136.053477,0
-12.213637,135.935395,0
-12.264581,135.974457,0
-12.232192,136.060232,0
-12.36297,135.985118,0
-12.465916,136.033946,0
-12.427504,136.070811,0
-12.461602,136.173595,0
-12.415785,136.284516,0
-12.222914,136.363048,0
-12.21116,136.234943,0
-12.170831,136.177013,0
-11.942333,136.450713,0
-11.940792,136.51231,0
-11.896443,136.572215,0
-11.986425,136.470251,0
-11.993246,136.533289,0
-12.079251,136.560134,0
-12.083353,136.586626,0
-12.174278,136.590575,0
-12.263604,136.663585,0
-12.265802,136.745372,0
-12.225763,136.752778,0
-12.204699,136.67944,0
-12.164483,136.760916,0
-12.223414,136.87638,0
-12.288968,136.926911,0
-12.348983,136.927816,0
-12.345473,136.983653,0
-12.541406,136.771177,0
-12.456476,136.805512,0
-12.475763,136.740245,0
-12.574338,136.761285,0
-12.616143,136.701182,0
-12.713272,136.690138,0
-12.714939,136.608409,0
-12.830336,136.610688,0
-12.745212,136.559255,0
-12.754734,136.527301,0
-12.804426,136.532428,0
-12.773858,136.47169,0
-12.850763,136.489757,0
-12.87184,136.545665,0
-12.912856,136.545421,0
-12.954941,136.636944,0
-12.995739,136.657494,0
-12.982354,136.602061,0
-13.014068,136.581716,0
-12.963762,136.55524,0
-12.975193,136.496755,0
-13.007989,136.498302,0
-13.058201,136.567231,0
-13.155083,136.531334,0
-13.166464,136.481245,0
-13.242364,136.472341,0
-13.216404,136.443858,0
-13.321538,136.342625,0
-13.307989,136.322001,0
-13.248636,136.337524,0
-13.225763,136.388194,0
-13.065362,136.371593,0
-13.046882,136.332856,0
-13.162774,136.30836,0
-13.129653,136.249278,0
-13.197035,136.245372,0
-13.262878,136.158618,0
-13.122247,136.147634,0
-13.230227,136.085867,0
-13.230076,136.053477,0
-13.311944,136.053477,0
-13.215505,136.008285,0
-13.288021,135.956811,0
-13.256149,135.942839,0
-13.325764,135.883365,0
-13.415117,135.922647,0
-13.425652,135.969435,0
-13.464104,135.919877,0
-13.430094,135.880528,0
-13.455987,135.854747,0
-13.539809,135.869395,0
-13.600186,135.844837,0
-13.666812,135.884686,0
-13.675063,135.923106,0
-13.713637,135.886729,0
-13.742283,135.9699,0
-13.654392,136.037364,0
-13.662693,136.077891,0
-13.798028,136.004893,0
-13.901056,135.991384,0
-13.959649,135.923106,0
-14.195245,135.909434,0
-14.265395,135.759125,0
-14.427264,135.667741,0
-14.452569,135.609386,0
-14.651544,135.522634,0
-14.720636,135.434093,0
-14.722833,135.368175,0
-14.948012,135.469574,0
-15.408624,136.22462,0
-15.559503,136.273204,0
-15.613865,136.348399,0
-15.621515,136.416515,0
-15.719008,136.528575,0
-15.71087,136.594737,0
-15.862237,136.722911,0
-15.935968,136.715587,0
-15.900486,136.786957,0
-15.934666,136.925548,0
-15.895278,136.929861,0
-15.86419,136.991873,0
-16.122166,137.361176,0
-16.25213,137.746104,0
-16.437107,137.866873,0
-16.697198,138.184255,0
-16.794366,138.492686,0
-16.779718,138.657237,0
-16.870864,138.840343,0
-16.89544,139.008311,0
-16.977634,139.062185,0
-17.032973,139.158051,0
-17.203709,139.164317,0
-17.348321,139.274181,0
-17.375665,139.43865,0
-17.532403,139.640961,0
-17.621352,139.925304,0
-17.70615,139.999522,0
-17.702081,140.240489,0
-17.630304,140.523204,0
-17.441176,140.845225,0
-17.138849,140.948985,0
-17.018324,140.947032,0
-16.800226,141.083507,0
-16.703058,141.199474,0
-16.573012,141.234223,0
-16.495538,141.292654,0
-16.402439,141.289561,0
-16.215265,141.352794,0
-16.061782,141.431163,0
-15.929376,141.377696,0
-15.648858,141.439708,0
-15.218683,141.580903,0
-15.093927,141.658946,0
-15.011407,141.665701,0
-14.877699,141.604259,0
-14.483819,141.521658,0
-14.204278,141.601085,0
-14.114516,141.598481,0
-13.9485,141.485037,0
-13.865492,141.467784,0
-13.571384,141.527029,0
-13.346124,141.631521,0
-13.346124,141.673106,0
-13.250584,141.693614,0
-12.985772,141.583751,0
-12.89365,141.631521,0
-12.899021,141.661388,0
-12.818455,141.754731,0
-12.667657,141.809744,0
-12.701837,141.817149,0
-12.679457,141.835948,0
-12.718032,141.882091,0
-12.843357,141.894054,0
-12.908461,141.938731,0
-12.757094,141.905284,0
-12.714939,142.008311,0
-12.710056,141.925304,0
-12.654067,141.823253,0
-12.585138,141.974132,0
-12.580011,141.797618,0
-12.503188,141.693614,0
-12.454767,141.744802,0
-12.447931,141.658946,0
-12.527114,141.658946,0
-12.544366,141.699962,0
-12.561944,141.599946,0
-12.540785,141.590587,0
-12.232843,141.717133,0
-12.236261,141.809744,0
-12.201593,141.789236,0
-12.208103,141.753429,0
-12.005955,141.831228,0
-11.954522,141.913341,0
-12.106052,141.919607,0
-12.037774,141.963878,0
-12.071873,142.021983,0
-12.041192,142.03297,0
-11.975681,141.952973,0
-11.896173,141.947602,0
-11.338149,142.131847,0
-10.950616,142.151052,0
-10.901625,142.323416,0
-10.820408,142.401134,0
-10.728123,142.434093,0
-10.687677,142.546153,0
-10.752374,142.615896,0
-10.851658,142.515391,0
-10.947849,142.50172,0
-10.864923,142.590831,0
-10.933526,142.659434,0
-11.003106,142.66627,0
-10.97503,142.741954,0
-11.171157,142.810069,0
-11.277765,142.80128,0
-11.382501,142.872244,0
-11.477634,142.821056,0
-11.605076,142.857921,0
-11.836847,142.862315,0
-11.934015,142.992198,0
-11.902114,143.104177,0
-11.962335,143.175304,0
-11.968194,143.249034,0
-11.982517,143.203949,0
-12.149021,143.086274,0
-12.32879,143.077159,0
-12.339288,143.176036,0
-12.38893,143.25294,0
-12.534845,143.294932,0
-12.613051,143.43393,0
-12.732843,143.379405,0
-12.880548,143.358897,0
-12.852716,143.379405,0
-12.832778,143.543793,0
-12.921563,143.495453,0
-13.075128,143.50294,0
-13.329767,143.526622,0
-13.415134,143.591075,0
-13.524184,143.597911,0
-13.750177,143.530121,0
-13.946873,143.611339,0
-14.014337,143.687266,0
-14.209568,143.707774,0
-14.402276,143.782725,0
-14.511163,143.941173,0
-14.373142,144.161632,0
-14.250421,144.201182,0
-14.312595,144.303559,0
-14.250258,144.440278,0
-14.161879,144.486339,0
-14.264825,144.584727,0
-14.36419,144.580414,0
-14.339939,144.633149,0
-14.467706,144.615977,0
-14.555841,144.677582,0
-14.55283,144.756602,0
-14.600356,144.796723,0
-14.61419,144.900727,0
-14.733331,144.944102,0
-14.805922,145.030528,0
-14.832696,145.22283,0
-14.880955,145.219981,0
-14.947035,145.27711,0
-14.94256,145.345714,0
-15.094985,145.247325,0
-15.165948,145.23585,0
-15.249444,145.268809,0
-15.25449,145.310069,0
-15.216241,145.324555,0
-15.250421,145.349457,0
-15.30047,145.285899,0
-15.33294,145.297862,0
-15.428399,145.243907,0
-15.749282,145.366384,0
-15.903416,145.355805,0
-16.060479,145.462413,0
-16.200616,145.434418,0
-16.260675,145.468598,0
-16.334405,145.414561,0
-16.443292,145.400401,0
-16.481215,145.46339,0
-16.656508,145.566091,0
-16.800226,145.722504,0
-16.885349,145.77768,0
-16.922052,145.740489,0
-16.988377,145.774262,0
-16.881524,145.839122,0
-16.905857,145.880382,0
-16.873142,145.955089,0
-17.059666,145.881847,0
-17.392022,146.071056,0
-17.515883,146.06837,0
-17.632582,146.147716,0
-17.684177,146.1067,0
-17.795505,146.083995,0
-17.864353,146.113536,0
-18.142022,146.00587,0
-18.236505,146.010102,0
-18.349542,146.100922,0
-18.380141,146.183442,0
-18.51336,146.209158,0
-18.527032,146.339366,0
-18.851658,146.270763,0
-18.95908,146.333263,0
-19.139255,146.561697,0
-19.192966,146.693044,0
-19.172784,146.746349,0
-19.30462,146.905121,0
-19.252618,147.010427,0
-19.177423,147.024099,0
-19.246352,147.065115,0
-19.316095,147.058604,0
-19.410821,147.133962,0
-19.412774,147.421397,0
-19.378676,147.45045,0
-19.303888,147.402354,0
-19.53753,147.559093,0
-19.6867,147.599132,0
-19.705173,147.565278,0
-19.828058,147.684255,0
-19.835382,147.785004,0
-19.691502,147.750824,0
-19.714288,147.823904,0
-19.854425,147.874278,0
-19.897556,147.929047,0
-19.911228,148.014903,0
-19.877048,148.072439,0
-19.936212,148.130382,0
-19.965753,148.278575,0
-20.033949,148.306407,0
-20.047621,148.264903,0
-20.083103,148.264903,0
-20.1985,148.402029,0
-20.185479,148.464041,0
-20.164972,148.422537,0
-20.132013,148.47641,0
-20.061944,148.444184,0
-20.083185,148.521658,0
-20.052667,148.560069,0
-20.213637,148.61085,0
-20.164972,148.648448,0
-20.1985,148.655284,0
-20.185479,148.683116,0
-20.226495,148.662771,0
-20.274184,148.683116,0
-20.240818,148.781993,0
-20.348728,148.849376,0
-20.421075,148.850841,0
-20.472833,148.92335,0
-20.477309,148.898123,0
-20.534926,148.937022,0
-20.52809,148.868175,0
-20.433364,148.808279,0
-20.472833,148.758311,0
-20.439223,148.70102,0
-20.500746,148.724132,0
-20.572198,148.660167,0
-20.646417,148.728282,0
-20.678888,148.709809,0
-20.718927,148.739757,0
-20.77752,148.843516,0
-20.890558,148.827159,0
-20.842869,148.875011,0
-20.908461,149.013194,0
-20.898533,149.056326,0
-20.924737,149.073578,0
-20.919203,149.026378,0
-20.976251,149.026622,0
-20.996189,149.150645,0
-21.089776,149.231212,0
-21.220147,149.196544,0
-21.281671,149.234386,0
-21.254327,149.254731,0
-21.281671,149.292735,0
-21.377211,149.320567,0
-21.397719,149.286469,0
-21.424412,149.341075,0
-21.461114,149.292491,0
-21.510675,149.292166,0
-21.479669,149.347341,0
-21.503839,149.395193,0
-21.583754,149.429373,0
-21.535903,149.487153,0
-21.569594,149.49879,0
-21.637384,149.441905,0
-21.726739,149.478282,0
-21.789727,149.435395,0
-22.158624,149.574474,0
-22.186619,149.553396,0
-22.244317,149.608572,0
-22.282159,149.587576,0
-22.344334,149.697439,0
-22.446954,149.699229,0
-22.493829,149.663259,0
-22.445245,149.765391,0
-22.378106,149.812755,0
-22.645278,150.046723,0
-22.298272,149.923513,0
-22.173761,149.978201,0
-22.141534,150.053559,0
-22.26629,150.153819,0
-22.378676,150.194021,0
-22.610528,150.609141,0
-22.508071,150.581228,0
-22.481378,150.545258,0
-22.366957,150.543712,0
-22.323175,150.567638,0
-22.334405,150.618419,0
-22.356622,150.643728,0
-22.392022,150.622813,0
-22.419366,150.663829,0
-22.358005,150.677501,0
-22.439874,150.704763,0
-22.470473,150.759776,0
-22.528741,150.705821,0
-22.506524,150.67628,0
-22.562677,150.677501,0
-22.562677,150.716075,0
-22.628106,150.731944,0
-22.530206,150.773448,0
-22.653009,150.784516,0
-22.697931,150.826427,0
-22.926446,150.787364,0
-22.932875,150.736501,0
-22.966892,150.773692,0
-23.158868,150.764415,0
-23.248956,150.839041,0
-23.30934,150.787364,0
-23.41131,150.81422,0
-23.488865,150.882335,0
-23.50921,150.813975,0
-23.571547,150.885753,0
-23.542739,150.93686,0
-23.566502,151.011277,0
-23.675388,151.125987,0
-23.804132,151.187185,0
-23.823907,151.277843,0
-24.005548,151.440929,0
-23.988946,151.480968,0
-24.021742,151.537283,0
-24.091404,151.550548,0
-24.043715,151.581798,0
-24.098321,151.691661,0
-23.995864,151.615896,0
-23.978285,151.641368,0
-24.016371,151.732595,0
-24.058689,151.721039,0
-24.022556,151.780447,0
-24.142348,151.811371,0
-24.173435,151.869884,0
-24.14544,151.897716,0
-24.410414,152.003673,0
-24.591729,152.123057,0
-24.805597,152.469737,0
-24.999444,152.506033,0
-25.160333,152.636974,0
-25.178643,152.567719,0
-25.251886,152.697032,0
-25.283868,152.815115,0
-25.242283,152.828787,0
-25.287693,152.913829,0
-25.416681,152.931814,0
-25.475681,152.870372,0
-25.437433,152.962413,0
-25.475681,152.93865,0
-25.497247,152.966156,0
-25.560724,152.90504,0
-25.66961,152.90797,0
-25.674249,152.884044,0
-25.825128,153.021251,0
-25.969008,153.021251,0
-25.903578,153.061534,0
-25.81756,153.061534,0
-25.93377,153.121593,0
-25.934991,153.205577,0
-26.316583,153.074067,0
-26.392999,153.137218,0
-26.646905,153.110037,0
-26.684747,153.15089,0
-26.891778,153.146169,0
-27.077244,153.210216,0
-27.110447,153.082205,0
-27.193455,153.038259,0
-27.196954,153.117442,0
-27.310479,153.064952,0
-27.363702,153.167979,0
-27.449395,153.191742,0
-27.49627,153.268321,0
-27.809177,153.401866,0
-27.791436,153.445811,0
-27.935317,153.43214,0
-27.908787,153.418305,0
-27.954197,153.399913,0
-27.97617,153.413341,0
-27.948989,153.438975,0
-28.073175,153.449474,0
-28.19378,153.570567,0
-28.318536,153.590831,0
-28.504571,153.562511,0
-28.589614,153.57602,0
-28.661554,153.630626,0
-28.867446,153.605968,0
-29.000177,153.475597,0
-29.085138,153.436209,0
-29.151625,153.445811,0
-29.28102,153.350597,0
-29.470392,153.36378,0
-29.826593,153.294932,0
-30.575506,153.02307,0
-30.734634,152.987796,0
-30.875584,153.027517,0
-30.905694,153.089366,0
-31.029965,153.03988,0
-31.07721,153.059501,0
-31.165915,152.980615,0
-31.320001,152.976736,0
-31.395254,152.917828,0
-31.482811,152.934502,0
-31.569319,152.845381,0
-31.64422,152.848533,0
-31.704009,152.788949,0
-31.842585,152.747215,0
-31.945848,152.609255,0
-32.043679,152.546373,0
-32.161881,152.510083,0
-32.219334,152.569509,0
-32.281665,152.525957,0
-32.321222,152.554454,0
-32.410176,152.520499,0
-32.442092,152.539886,0
-32.559589,152.294764,0
-32.65267,152.191989,0
-32.697198,152.219249,0
-32.663751,152.136729,0
-32.697931,152.060883,0
-32.725274,152.190196,0
-32.766778,152.185069,0
-32.798746,151.984927,0
-32.89368,151.799237,0
-33.014825,151.734386,0
-33.06113,151.670584,0
-33.292228,151.568957,0
-33.327082,151.515341,0
-33.277542,151.540867,0
-33.261109,151.51611,0
-33.304199,151.453795,0
-33.355461,151.451228,0
-33.36001,151.503829,0
-33.435972,151.4453,0
-33.527765,151.424164,0
-33.562107,151.282888,0
-33.534926,151.230724,0
-33.582452,151.252778,0
-33.609063,151.225597,0
-33.570624,151.299338,0
-33.64878,151.29526,0
-33.592058,151.325472,0
-33.617466,151.340753,0
-33.825372,151.304698,0
-33.856378,151.246918,0
-33.870375,151.294444,0
-33.952325,151.281423,0
-34.003839,151.24936,0
-33.959161,151.201915,0
-34.014418,151.095225,0
-34.04046,151.231212,0
-34.054783,151.164073,0
-34.082696,151.136078,0
-34.089532,151.177013,0
-34.110121,151.168956,0
-34.262675,150.968953,0
-34.330419,150.924918,0
-34.486404,150.918868,0
-34.545505,150.873302,0
-34.510675,150.841319,0
-34.548272,150.800955,0
-34.603448,150.917003,0
-34.626723,150.870453,0
-34.782403,150.833751,0
-34.874119,150.727061,0
-34.901625,150.778494,0
-34.918145,150.745779,0
-34.945489,150.787364,0
-34.986993,150.776215,0
-35.014907,150.851573,0
-35.077244,150.844737,0
-35.110528,150.80714,0
-35.078546,150.778087,0
-35.014907,150.787364,0
-35.026137,150.695567,0
-35.075779,150.677501,0
-35.135186,150.721039,0
-35.1242,150.766856,0
-35.178888,150.759451,0
-35.213556,150.553966,0
-35.305759,150.489106,0
-35.373142,150.492035,0
-35.466892,150.409923,0
-35.548761,150.406505,0
-35.722833,150.291677,0
-35.726821,150.190929,0
-35.833103,150.238617,0
-35.898207,150.14975,0
-36.062595,150.148692,0
-36.048598,150.106781,0
-36.083754,150.081554,0
-36.114435,150.143321,0
-36.173761,150.121104,0
-36.320001,150.142345,0
-36.406345,150.070486,0
-36.566583,150.065766,0
-36.905532,149.909679,0
-36.953383,149.943696,0
-37.002618,149.920177,0
-37.062188,149.94158,0
-37.09588,149.87615,0
-37.150486,149.997569,0
-37.268731,150.053559,0
-37.284275,149.95102,0
-37.495864,149.985362,0
-37.548598,149.896332,0
-37.556085,149.778656,0
-37.510837,149.793956,0
-37.515802,149.718435,0
-37.58408,149.766287,0
-37.691013,149.678477,0
-37.783298,149.491222,0
-37.786716,149.341075,0
-37.8235,149.272227,0
-37.789483,149.253184,0
-37.775811,149.13559,0
-37.8235,148.724132,0
-37.823419,148.306407,0
-37.985121,147.757579,0
-38.220147,147.395518,0
-38.684991,146.847667,0
-38.654718,146.830251,0
-38.679132,146.617686,0
-38.739841,146.411794,0
-38.695001,146.350434,0
-38.714451,146.224132,0
-38.755955,146.182384,0
-38.820408,146.263927,0
-38.909845,146.286388,0
-38.855157,146.410899,0
-38.790297,146.447765,0
-38.810479,146.476736,0
-38.924086,146.482921,0
-39.019952,146.435069,0
-39.06463,146.483409,0
-39.144952,146.394216,0
-39.10589,146.325857,0
-39.064386,146.346934,0
-39.02809,146.289073,0
-38.868341,146.181651,0
-38.819757,146.091807,0
-38.831638,146.017345,0
-38.896417,146.003673,0
-38.906671,145.921153,0
-38.759535,145.855235,0
-38.659601,145.757172,0
-38.700616,145.853526,0
-38.65016,145.809337,0
-38.638604,145.733084,0
-38.680108,145.59962,0
-38.578383,145.513682,0
-38.536798,145.373057,0
-38.50213,145.433849,0
-38.426935,145.420746,0
-38.424086,145.506114,0
-38.385186,145.556895,0
-38.234552,145.464366,0
-38.241469,145.25587,0
-38.324477,145.202403,0
-38.413263,145.229015,0
-38.406427,145.112966,0
-38.488946,145.044688,0
-38.510349,144.944591,0
-38.333185,144.676768,0
-38.379083,144.803966,0
-38.341404,144.982921,0
-38.159356,145.119314,0
-38.05169,145.110199,0
-37.99627,145.02711,0
-37.899347,144.982677,0
-37.867934,144.934825,0
-37.899347,144.906993,0
-37.898533,144.82545,0
-37.940851,144.804454,0
-38.017185,144.672048,0
-38.047621,144.558442,0
-38.111586,144.5171,0
-38.118422,144.373057,0
-38.15781,144.381847,0
-38.177992,144.523611,0
-38.124688,144.653575,0
-38.146091,144.704763,0
-38.214614,144.715099,0
-38.285821,144.652843,0
-38.301202,144.401866,0
-38.485772,144.052501,0
-38.691176,143.8449,0
-38.728123,143.7046,0
-38.790134,143.666759,0
-38.858331,143.536957,0
-38.758233,143.357432,0
-38.75628,143.223399,0
-38.635919,143.060069,0
-38.578383,142.810232,0
-38.374444,142.502452,0
-38.406427,142.46754,0
-38.36712,142.397716,0
-38.398696,142.175466,0
-38.282892,141.946788,0
-38.261814,141.761974,0
-38.30877,141.632091,0
-38.338149,141.617849,0
-38.399835,141.653982,0
-38.392267,141.60141,0
-38.439711,141.557872,0
-38.376235,141.483084,0
-38.401625,141.394542,0
-38.386489,141.37086,0
-38.306085,141.391124,0
-38.127618,141.134288,0
-38.054295,140.951427,0
-38.068129,140.690196,0
-37.919854,140.398204,0
-37.665948,140.240571,0
-37.570408,140.110199,0
-37.556736,140.134288,0
-37.517511,140.114268,0
-37.487074,139.988048,0
-37.268731,139.794932,0
-37.180841,139.741547,0
-37.126235,139.788341,0
-36.953383,139.672048,0
-36.84588,139.842133,0
-36.634942,139.857107,0
-36.372328,139.729015,0
-36.075291,139.567393,0
-35.95794,139.456716,0
-35.746759,139.198904,0
-35.576755,138.917817,0
-35.585382,139.000987,0
-35.927341,139.44752,0
-36.049737,139.565196,0
-36.227797,139.672048,0
-36.022556,139.593761,0
-35.896417,139.475434,0
-35.604099,139.041352,0
-35.573989,139.041352,0
-35.576755,139.075531,0
-35.535333,139.085948,0
-35.503351,139.155284,0
-35.54754,139.234141,0
-35.615411,139.224864,0
-35.636407,139.256521,0
-35.689386,139.229503,0
-35.687433,139.338064,0
-35.593357,139.355724,0
-35.507257,139.218923,0
-35.489516,139.361013,0
-35.376886,139.362966,0
-35.397882,139.315196,0
-35.331313,139.267589,0
-35.315362,139.177989,0
-35.344008,139.184255,0
-35.389255,139.102061,0
-35.413832,138.961192,0
-35.4638,138.956879,0
-35.517511,139.030935,0
-35.471124,138.881114,0
-35.483982,138.793793,0
-35.54754,138.993419,0
-35.538751,138.74586,0
-35.567071,138.639008,0
-35.645929,138.531261,0
-35.644301,138.280528,0
-35.671645,138.201671,0
-35.620701,138.107432,0
-35.54046,138.139008,0
-35.490655,138.257579,0
-35.342706,138.438162,0
-35.110528,138.466563,0
-35.038263,138.513927,0
-34.791599,138.493907,0
-34.781915,138.550629,0
-34.504571,138.2942,0
-34.320489,138.226573,0
-34.128351,138.078136,0
-34.244317,138.009288,0
-34.308038,138.037771,0
-34.414809,137.930919,0
-34.526056,137.892263,0
-34.589776,137.883149,0
-34.623956,137.910411,0
-35.058852,137.746918,0
-35.131036,137.749522,0
-35.180841,137.671397,0
-35.131036,137.561046,0
-35.118259,137.425548,0
-35.172052,137.332042,0
-35.172052,137.238943,0
-35.242283,137.1692,0
-35.227227,137.039724,0
-35.296563,136.913585,0
-35.256117,136.839366,0
-35.096449,136.960948,0
-35.02988,136.941254,0
-34.901462,137.019786,0
-34.926039,137.139496,0
-34.905043,137.266856,0
-34.954034,137.391287,0
-34.917413,137.446137,0
-34.617771,137.512706,0
-34.466241,137.478526,0
-34.447524,137.459483,0
-34.472426,137.414317,0
-34.355401,137.483897,0
-34.237726,137.489106,0
-34.155694,137.452403,0
-34.150323,137.506521,0
-34.087172,137.548595,0
-34.015395,137.531912,0
-33.920099,137.62794,0
-33.876642,137.602061,0
-33.59787,137.878842,0
-33.616469,137.930919,0
-33.52784,137.937492,0
-33.259985,137.810444,0
-33.190606,137.854991,0
-33.139581,138.03712,0
-33.081638,138.040212,0
-33.024102,138.010102,0
-33.004653,137.957774,0
-32.78753,137.902354,0
-32.752618,137.938487,0
-32.697931,137.849132,0
-32.594659,137.803966,0
-32.568292,137.821788,0
-32.519789,137.773936,0
-32.693455,137.753917,0
-32.726495,137.79656,0
-32.846938,137.809255,0
-32.917657,137.752778,0
-32.982843,137.778331,0
-32.961521,137.632091,0
-33.034845,137.590343,0
-33.140069,137.452159,0
-33.413263,137.36964,0
-33.653253,137.224864,0
-33.705743,137.15504,0
-33.730157,137.020193,0
-33.682306,136.945567,0
-33.754815,136.883149,0
-33.753106,136.96461,0
-33.902927,136.607432,0
-33.948907,136.581554,0
-34.073419,136.369395,0
-34.308689,136.232188,0
-34.383722,136.114757,0
-34.534845,136.10141,0
-34.481866,136.069347,0
-34.534601,135.936778,0
-34.589776,135.91627,0
-34.637465,135.943614,0
-34.631117,135.890798,0
-34.668634,135.868419,0
-34.768487,135.882986,0
-34.805271,135.79949,0
-34.819431,135.867361,0
-34.744073,136.016368,0
-34.818455,136.012218,0
-34.876642,135.969493,0
-34.979669,136.012462,0
-35.007501,135.96461,0
-34.857599,135.782725,0
-34.890802,135.703949,0
-34.9485,135.690196,0
-34.952895,135.632579,0
-34.880141,135.604015,0
-34.731541,135.45753,0
-34.685968,135.319672,0
-34.638116,135.340099,0
-34.592462,135.287852,0
-34.565037,135.230479,0
-34.595961,135.108084,0
-34.431573,135.209809,0
-34.492364,135.213715,0
-34.527765,135.327159,0
-34.563409,135.306326,0
-34.628188,135.37086,0
-34.644464,135.405772,0
-34.611912,135.503591,0
-34.599786,135.437022,0
-34.545668,135.438487,0
-34.569268,135.389171,0
-34.472426,135.395518,0
-34.275567,135.346446,0
-34.179783,135.30128,0
-34.136814,135.230968,0
-34.115899,135.273123,0
-34.017511,135.265147,0
-33.892999,135.189789,0
-33.63128,134.840831,0
-33.479425,134.861013,0
-33.352797,134.813975,0
-33.233331,134.676606,0
-33.225518,134.730724,0
-33.172947,134.706228,0
-33.145929,134.581554,0
-33.176853,134.574392,0
-33.225518,134.662364,0
-33.246677,134.628266,0
-33.157322,134.47755,0
-33.17783,134.37794,0
-33.153985,134.359141,0
-33.205011,134.333507,0
-33.162693,134.278819,0
-33.047296,134.233735,0
-33.02752,134.148611,0
-33.000177,134.209972,0
-32.946466,134.190684,0
-32.929295,134.068696,0
-32.835626,134.132823,0
-32.713962,134.074067,0
-32.725844,134.216807,0
-32.806248,134.214041,0
-32.678481,134.297618,0
-32.554295,134.25408,0
-32.456964,134.148285,0
-32.45908,134.052989,0
-32.546808,133.864431,0
-32.43255,133.869151,0
-32.389418,133.949962,0
-32.245375,133.826427,0
-32.264255,133.776703,0
-32.216485,133.760753,0
-32.191095,133.693614,0
-32.143731,133.66212,0
-32.122654,133.682384,0
-32.101658,133.649181,0
-32.103123,133.586192,0
-32.172133,133.561371,0
-32.111912,133.476817,0
-32.133477,133.418712,0
-32.19964,133.494314,0
-32.190851,133.305512,0
-32.218845,133.270844,0
-32.19671,133.147797,0
-32.097101,133.033946,0
-32.108982,132.976573,0
-32.073175,132.966075,0
-31.95086,132.776215,0
-31.941339,132.516124,0
-31.983982,132.452891,0
-32.03045,132.471853,0
-32.032973,132.233735,0
-31.90781,132.077891,0
-31.605564,131.535899,0
-43.230401,147.998546,1
-43.180271,147.904552,1
-43.131524,147.882823,1
-43.156183,147.856781,1
-43.203058,147.867524,1
-43.244073,147.792491,1
-43.162774,147.700206,1
-43.13421,147.695567,1
-43.105727,147.747895,1
-43.042739,147.627208,1
-43.008233,147.624278,1
-42.984552,147.682628,1
-42.936212,147.692556,1
-42.946873,147.730479,1
-43.005141,147.716807,1
-43.03753,147.763031,1
-43.034438,147.887055,1
-43.018731,147.90919,1
-43.007501,147.85906,1
-42.963556,147.833507,1
-42.95672,147.860688,1
-42.944513,147.833832,1
-42.902032,147.840343,1
-42.895278,147.689464,1
-42.821466,147.595714,1
-42.836602,147.533539,1
-42.882094,147.50294,1
-42.977227,147.559093,1
-43.046075,147.436209,1
-42.998224,147.40211,1
-43.011326,147.469005,1
-42.908868,147.477306,1
-42.926935,147.422211,1
-42.778497,147.283702,1
-42.790134,147.26002,1
-42.925226,147.360199,1
-43.042657,147.333181,1
-43.027276,147.254405,1
-43.083103,147.30128,1
-43.129164,147.247732,1
-43.254327,147.257579,1
-43.286716,147.208669,1
-43.270115,147.163829,1
-43.240981,147.158702,1
-43.231866,147.092133,1
-43.154718,147.106619,1
-43.201593,147.060557,1
-43.179295,147.024099,1
-43.1124,147.017833,1
-43.131117,146.972911,1
-43.198989,146.966482,1
-43.299412,147.099783,1
-43.340265,146.962657,1
-43.356215,147.055349,1
-43.422784,146.997325,1
-43.42962,146.921641,1
-43.478123,147.017833,1
-43.476658,146.94337,1
-43.531996,146.949555,1
-43.531996,146.901703,1
-43.557875,146.894054,1
-43.58115,146.942149,1
-43.611749,146.927013,1
-43.64129,146.846528,1
-43.610447,146.803233,1
-43.629002,146.710704,1
-43.552504,146.600108,1
-43.469415,146.554698,1
-43.52516,146.558442,1
-43.533949,146.51352,1
-43.504815,146.339366,1
-43.531996,146.291677,1
-43.484552,146.238129,1
-43.539483,146.18922,1
-43.505629,146.149913,1
-43.518487,146.1067,1
-43.546319,146.1067,1
-43.552504,146.024181,1
-43.451837,146.023936,1
-43.364841,145.943207,1
-43.381931,146.003673,1
-43.347752,145.975759,1
-43.353936,146.085623,1
-43.415948,146.161388,1
-43.364841,146.180186,1
-43.395603,146.230235,1
-43.319757,146.229503,1
-43.277602,146.168224,1
-43.336033,146.111013,1
-43.281915,146.067638,1
-43.324884,146.025401,1
-43.195896,145.917166,1
-43.246759,145.915701,1
-43.273045,145.869314,1
-43.289158,145.925792,1
-43.292576,145.831798,1
-43.10003,145.729991,1
-43.099298,145.674083,1
-43.049737,145.688243,1
-42.971856,145.597504,1
-42.958429,145.510265,1
-42.757501,145.366222,1
-42.714451,145.386485,1
-42.650811,145.352712,1
-42.604262,145.265473,1
-42.558852,145.297862,1
-42.464532,145.234386,1
-42.195733,145.188731,1
-42.264581,145.241059,1
-42.379327,145.434825,1
-42.512791,145.472016,1
-42.41546,145.48227,1
-42.426935,145.519786,1
-42.341567,145.558116,1
-42.360121,145.520518,1
-42.319268,145.503429,1
-42.327244,145.463145,1
-42.2374,145.366222,1
-42.147231,145.345714,1
-42.177016,145.281505,1
-42.223728,145.27003,1
-42.195733,145.229015,1
-42.123468,145.266368,1
-41.966567,145.206554,1
-41.702895,144.920177,1
-41.54461,144.866466,1
-41.414239,144.749848,1
-41.365167,144.781098,1
-41.223077,144.681651,1
-41.080743,144.675304,1
-40.996515,144.605805,1
-40.974216,144.638194,1
-40.92962,144.617361,1
-40.871352,144.703787,1
-40.660252,144.698578,1
-40.640313,144.721365,1
-40.726495,144.766287,1
-40.744806,144.984711,1
-40.821384,145.118826,1
-40.791681,145.133556,1
-40.791681,145.250255,1
-40.719985,145.269216,1
-40.755141,145.307872,1
-40.797296,145.27003,1
-40.838067,145.332367,1
-40.867934,145.443044,1
-40.845798,145.523936,1
-40.909438,145.572113,1
-40.93906,145.729259,1
-41.026951,145.809825,1
-41.155369,146.214366,1
-41.166192,146.423676,1
-41.132745,146.546397,1
-41.180108,146.585623,1
-41.092869,146.654796,1
-41.065525,146.744151,1
-41.091729,146.795909,1
-41.156671,146.808116,1
-41.161065,146.949555,1
-41.115818,146.838064,1
-41.075372,146.819347,1
-41.039727,146.837738,1
-40.976658,147.017589,1
-41.006524,147.171072,1
-40.941339,147.285981,1
-40.942153,147.342784,1
-41.008396,147.444835,1
-40.856215,147.586436,1
-40.828546,147.650564,1
-40.888767,147.849457,1
-40.852716,147.916189,1
-40.736505,147.984223,1
-40.767755,148.080903,1
-40.834893,148.143809,1
-40.840753,148.209321,1
-41.002211,148.331391,1
-41.045017,148.272309,1
-41.065525,148.306407,1
-41.202569,148.272309,1
-41.268487,148.321544,1
-41.346612,148.257986,1
-41.291436,148.354177,1
-41.450372,148.27947,1
-41.606541,148.314952,1
-41.689386,148.286143,1
-41.750665,148.306407,1
-41.800388,148.260997,1
-41.915785,148.326915,1
-42.050551,148.299327,1
-42.110284,148.36378,1
-42.17018,148.315929,1
-42.20436,148.364268,1
-42.278009,148.321788,1
-42.244236,148.257986,1
-42.185805,148.306407,1
-42.15545,148.272309,1
-42.119399,148.320079,1
-42.059177,148.162446,1
-42.00742,148.24171,1
-41.947361,148.181,1
-42.000909,148.193696,1
-41.999282,148.146983,1
-42.061944,148.131358,1
-42.093357,148.217052,1
-42.100193,148.092947,1
-42.197361,148.074474,1
-42.339776,147.963878,1
-42.312433,148.004731,1
-42.332289,148.030935,1
-42.366876,148.005219,1
-42.514093,148.006033,1
-42.552667,147.953298,1
-42.517267,147.915294,1
-42.545099,147.888682,1
-42.590916,147.93686,1
-42.719985,147.953136,1
-42.760675,147.889334,1
-42.819513,147.888682,1
-42.866143,147.844574,1
-42.888442,147.915294,1
-42.871677,147.881602,1
-42.838311,147.920746,1
-42.908868,148.004731,1
-42.969903,148.009776,1
-42.987726,147.973969,1
-43.072849,147.949555,1
-43.106866,147.977387,1
-43.141697,147.963878,1
-43.158136,148.003429,1
-43.203058,147.977387,1
-43.230401,147.998546,1
