id,lat,lon,state,suburb,street
1754560155,-37.8081941,140.7940022,,,Bishop Road
1482257466,-37.5963606,140.3534175,SA,Millicent,Davenport Street
6385046686,-43.0279391,147.0491079,,,
259143486,-42.9797232,147.302574,,,
11861738585,-42.9765903,147.3088837,,,
1561048910,-42.8806041,147.3285455,TAS,Hobart,Argyle Street
1892916432,-42.8804821,147.4068759,,,
764726553,-42.8461721,147.2939035,,,
1155825329,-42.8350046,147.2759414,,,
1477282994,-42.7906521,147.2553394,,,
3161934864,-42.8652484,147.3688855,,,
1437209172,-42.7807128,147.5638638,,,
1559784047,-42.7384216,147.2445577,,,
1047220515,-40.8411086,145.1229006,,,
1047224295,-40.9897139,145.7267116,,,
602318242,-41.1769865,146.356489,TAS,Devonport,Best Street
3042688235,-41.161932,146.5322931,TAS,Shearwater,Poyston Drive
865473418,-41.4132303,147.1015259,,,
522283409,-41.4802852,147.1246927,,,
1034829090,-41.4046304,147.1348203,,,
429669571,-41.3643414,147.0431921,,,
596136746,-38.3453039,141.6032498,,,
8735419347,-38.3576144,142.4451446,VIC,Dennington,Raglan Parade
2128135744,-37.7441436,142.0244852,,,
10201748475,-38.0437523,144.1705198,,,
5430747733,-37.5434119,143.7858238,VIC,Lucas,Coltman Plaza
655118656,-37.5336188,143.8252408,VIC,Wendouree,
7990506269,-38.2307704,144.3722793,,,
3614709995,-38.1607658,144.306154,,,
1908181971,-38.1685801,144.3885481,,,
1908181922,-38.1698198,144.3932902,,,
740301552,-38.2581576,144.5488679,,,
6876392703,-38.2460191,144.5402143,,,
4106750010,-38.1685756,144.5451168,,,
10616913654,-38.3615342,144.8904717,,,
692570445,-38.2453496,145.0480895,,,
9795965669,-38.2178096,145.0389791,,,
367127279,-38.1838062,145.0898802,,,
1508436210,-38.4531708,145.2397764,VIC,Cowes,Thompson Avenue
368387444,-38.2244567,145.1715701,,,
1583411761,-38.1941735,145.1594628,,,
1671352490,-38.1987144,145.4874367,,,
515973822,-38.1600589,145.9306082,,,
880098050,-38.1370122,144.3477524,,,
1927009559,-38.0896434,144.3371719,,,
1311737972,-38.0744592,144.3574169,,,
879573514,-37.8992104,144.662848,,,
621539656,-37.8880208,144.6072287,,,
2343283592,-37.882065,144.7024369,,,
3273992474,-37.8742111,144.6773257,,,
4301770789,-37.8400099,144.6738163,,,
3274001441,-37.862377,144.6871827,,,
1583425762,-38.0080122,145.0867012,,Mordialloc,Main Street
1583419365,-37.9841,145.077111,,,
4751840538,-37.8979027,144.7267297,,,
3951181648,-37.8843527,144.7344038,,,
3242046364,-37.867388,144.7424967,,,
697190767,-37.8577633,144.8825866,VIC,Williamstown,Kororoit Creek Road
1278126819,-37.7508329,144.7734061,,,
11502364470,-37.8318024,144.8831375,,,
1264365500,-37.7803951,144.8319234,,,
2206160219,-37.7732859,144.8896964,,,
1787891677,-37.7502451,144.8609684,,,
12199002157,-37.7381316,144.8928873,,,
570758510,-37.8685209,144.978811,,,Acland Street
932432827,-37.868243,144.991277,,,Carlisle Street
2713818750,-37.8474492,144.9927111,,,
570482501,-37.8481054,145.0052368,,,
4273046751,-37.8405629,145.0081654,,,
1583423009,-37.9195218,145.0421121,,,
1397881073,-37.9219021,145.0834939,,,
666494359,-37.9403963,145.1037428,,,
592109271,-37.9009686,145.0910073,,,Hanover Street
449383332,-37.8845285,145.0587077,,,
469459628,-37.8628805,145.0271098,,,
5905417827,-37.8456299,145.0422777,VIC,Hawthorn East,Toorak Road
280897094,-37.887188,145.0842821,,,Dandenong Road
6868706671,-37.8120887,144.9391271,,,Waterfront Way
2184871393,-37.8306564,144.9573651,,,
9869557343,-37.82581,144.9635577,,,
506153647,-37.8205606,144.9436054,,,
6632403651,-37.8210674,144.9500958,VIC,Docklands,Collins Street
613996660,-37.8110951,144.9655613,,,
661600405,-37.7871515,144.92789,,,
6547561972,-37.7963605,144.940678,,,
3529507479,-37.8371902,144.9969896,VIC,South Yarra,Chapel Mews
302129542,-37.7981407,144.9683576,,,
974244034,-37.8093706,144.99558,,,Victoria Street
666846427,-37.7758181,144.9618499,,,
5670650317,-37.7578952,144.9638489,,,Sydney Road
2879690541,-37.8208755,145.0363418,,,
1428952003,-37.8294287,145.058971,,,
7227066219,-37.8340002,145.0773307,,,
4578704404,-37.8195494,145.1212804,,,
1121118008,-37.7701721,145.0416219,,,
13376911581,-37.7433645,145.067043,,,
773517588,-37.7729494,145.1136659,,,
8219338729,-37.7221703,144.5708161,,,
3509393117,-37.6868858,144.5610829,,,
325276537,-37.6858086,144.5666064,,,
10568103910,-37.7301438,144.7430619,,,
1793129409,-37.7230371,144.7516,,,
12684085554,-37.6915795,144.7478699,,,
602904712,-37.699412,144.7778007,,,
2285130249,-37.7024047,144.7994466,,,
1237251100,-37.7146375,144.887236,,,
881751151,-37.6875423,144.8849079,VIC,Gladstone Park,Gladstone Park Drive
6897812303,-37.5938407,144.7129264,,,
473363977,-37.7070041,144.9387874,,,
2172299027,-37.6803737,144.9182109,,,
2744817180,-37.7296798,144.9835419,,,
1489479515,-37.6541932,145.0175181,,,
2866280635,-37.7128214,145.0475954,,,
1865223677,-37.6666811,145.060937,,,
1637371488,-37.6278019,145.0274063,,Epping,Epping Road & Lyndarum Avenue
848442300,-37.656882,145.0816743,,,
492905311,-37.6520545,145.0741496,,,
9750631115,-37.6161622,144.9153001,,,
3624177345,-37.5941929,144.914809,,,
2186428219,-37.5976715,144.9384264,,,
1769427536,-37.5744459,144.9200112,,,
10564579756,-37.6025697,145.1000383,,,
5873480044,-37.5940251,145.0899513,,,
563705087,-37.4113849,144.9784229,,,
365210772,-38.140202,145.126413,,Frankston,
7710860699,-38.1080715,145.2506305,,,
3830281282,-38.1002009,145.2939531,,,
4023408048,-38.1036137,145.324723,,,
1507128265,-38.0770591,145.2496865,,,
364632405,-38.0816497,145.2782581,,,
2336787644,-38.0859314,145.3172853,,,
3712913960,-38.0664709,145.3009876,,,
4855714667,-38.0117526,145.1606959,,,
365211158,-37.9834708,145.1329898,,Dingley Village,Centre Dandenong Road
427864919,-37.9929941,145.172621,,,
2196694206,-37.9874773,145.2177309,,,
10285701169,-37.974201,145.2052615,,,
1239740988,-38.032744,145.2663806,,,
3326642561,-38.0053271,145.2483305,,,
1766341034,-38.0168578,145.3006679,,,
1557920938,-37.9762694,145.2592951,,,
13108363614,-38.1176482,145.344801,,,
2134802234,-38.0727117,145.4372643,,,
5515348694,-38.0642602,145.4349416,,,
1507146935,-38.0770815,145.4836573,,,
625525246,-38.0295132,145.3468395,,,
7520934197,-37.9212208,145.1399271,,,
960803840,-37.935591,145.1885926,,,
324207736,-37.9097755,145.1898734,,,
355763256,-37.8784183,145.1276618,,,
319601982,-37.8747173,145.1648652,,,
6970525764,-37.8489987,145.1339749,,,
10277506889,-37.8677686,145.2379217,,,
260710501,-37.8358294,145.1644531,,,
10743106112,-37.8123394,145.1527346,,,
465186446,-37.7867173,145.1262784,,,
2045666756,-37.7621241,145.1680902,,,
907674176,-37.8120412,145.2284585,VIC,Ringwood,Maroondah Highway
320839137,-37.8229337,145.3020376,VIC,Bayswater North,Canterbury Road
2140806514,-37.8001309,145.2830309,VIC,Croydon,Mount Dandenong Road
323466241,-37.803235,145.3108152,,,Mount Dandenong Road
738299902,-37.8753514,145.408825,,,
338906162,-37.7600819,145.349453,,,
3297551761,-37.7771492,145.4590878,VIC,Seville,Warburton Highway
653304918,-37.7818758,145.6127209,,,
9104671053,-37.6848714,145.1356942,,,
4044969841,-37.5870274,145.1276968,,,
1536480407,-38.5642828,146.6769556,,,
489379485,-38.3138184,146.4201968,,,
1221088334,-38.2368061,146.4294341,,,
2176496309,-38.1065905,147.0621143,VIC,Sale,New Railway Road
2296554937,-37.880123,147.9872717,,,
3654345410,-34.2389858,116.1489641,WA,,
677412574,-35.0192441,117.88434,WA,,
1432754177,-34.9903721,117.8776412,WA,,
6280017885,-34.9826162,117.922689,WA,,
11861673561,-33.3979476,115.6347781,,,
691541483,-33.337428,115.6412906,WA,,
1854290832,-33.3368545,115.659354,WA,,
727513764,-33.3188852,115.715619,WA,,
6673223225,-33.2831849,115.7408702,WA,,
11862064985,-32.5842423,115.6615295,,,
11861656908,-32.5208306,115.7525022,,,
11862055220,-32.3132434,115.753506,,,
1960888124,-32.2900588,115.7451351,WA,,
11861594858,-32.4479491,115.7646814,,,
2100155804,-32.3465195,115.7629528,WA,,
8948593617,-32.3332578,115.8166688,WA,,
12076137465,-32.3126459,115.814707,,,
662714517,-32.0747386,115.7593784,,,
10983598025,-31.7965758,115.7478172,,,
4315516148,-31.7766987,115.7553281,WA,,
2509205803,-31.741396,115.7397111,WA,,
1953180303,-31.6919219,115.7173226,WA,,
13195222242,-31.6927619,115.7170351,,,
3741103908,-31.5493145,115.639196,WA,,
11861751246,-31.6366312,115.6995156,,,
11826874480,-32.2460106,115.8147294,,,
11862007063,-32.2632085,115.8159419,,,
4726284820,-32.1568309,115.860352,WA,,
1143293765,-32.1326292,115.8581238,WA,,
5048023331,-32.0980647,115.7848084,WA,,
6332368285,-32.1275359,115.9268316,WA,,
2256539081,-32.0855719,115.9163773,WA,,
10050790417,-32.0898293,115.9421797,,,
11861629964,-32.2209349,116.004573,,,
8926882148,-32.1168085,116.0148488,,,
2583203053,-32.0387596,115.7772526,WA,Palmyra,Canning Highway
9526576734,-32.0333215,115.8344677,,,
1800662996,-31.9981521,115.7637511,WA,,
8918080355,-32.0159521,115.8430587,,,
2216225133,-32.0570524,115.8793498,WA,,
6359670033,-32.0405245,115.9049788,WA,,
703160534,-32.068476,115.9491666,WA,,
8926738186,-32.0559132,115.9637033,,,
761868380,-31.9734714,115.8980718,WA,,
2206032575,-32.0173448,115.9398308,WA,,
5580591758,-32.0019903,115.9217056,WA,,
11861804173,-31.9387559,115.7925616,,,
606771186,-31.9439149,115.8238993,WA,,
369959816,-31.9530101,115.8604222,WA,,Murray Street
1361238034,-31.9546971,115.8576471,,,St Georges Terrace
11862153338,-31.9211814,115.8397095,,,
11834415589,-31.9003008,115.7997246,,,
11391778362,-31.8774685,115.7788147,,,
11861660234,-31.8893506,115.8205665,,,
5649806273,-31.9104114,115.847619,WA,,
11861796046,-31.8623097,115.8295369,,,
4400693423,-31.869823,115.860944,WA,,
9436810444,-31.9427174,115.8681577,,,
6144120585,-31.9225099,115.8839646,WA,,
5275860526,-31.9638372,115.9351524,WA,,Belmont Avenue
1361288034,-31.8951749,115.8721954,WA,Dianella,Grand Promenade
1361315776,-31.8985868,115.8998824,WA,,
11834167629,-31.8769478,115.8945958,,,
11862154384,-31.8699277,115.9458814,,,
8926779306,-32.0539947,115.9787362,,,
1994975943,-31.9839625,116.0647749,WA,,
11861672210,-31.8903639,116.0023163,,,Great Eastern Highway
3846802315,-31.8892586,116.008303,WA,,
10744607128,-31.8851453,116.0308726,,,
567375070,-31.9012073,116.1644121,WA,,
9481772893,-31.8440362,115.811653,,,
3750531779,-31.8182438,115.8229764,WA,,
11834275556,-31.8291508,115.8539763,,,
493879801,-31.7988803,115.7943719,WA,,
9432344154,-31.769039,115.8195949,WA,Hocking,Gungurru Avenue
11861653791,-31.846455,115.9066402,,,
11861949375,-31.8593041,115.9260375,,,
13449403703,-31.8492593,115.9678256,WA,Dayton,29 Repton Street
1473222546,-31.7831214,115.968499,WA,,
2509339458,-31.7431511,115.7667287,WA,,
9961078598,-31.711906,115.7881074,,,
11834411795,-31.7045669,115.8026672,,,
4703398367,-31.7779451,115.9880348,,,
8899582894,-31.7645929,115.9868762,WA,,
4684563989,-31.6538382,116.6724445,WA,,
2622450910,-24.882191,113.6576857,WA,,
5608315328,-28.8093973,114.6323692,WA,,Barrett Drive
3751296602,-28.7746128,114.6122392,WA,,
683788407,-33.8582087,121.8906135,WA,,
10241202752,-31.2106875,121.621455,,,
2320527300,-30.7494763,121.4695603,WA,,
2395071763,-20.7340825,116.8470448,WA,Karratha,Welcome Road
900947985,-20.6752867,117.1428847,WA,,
663618674,-23.3569686,119.7324344,WA,,
778230949,-20.3114876,118.6084583,WA,,
247283912,-17.9526026,122.2284117,WA,,Frederick Street
2343295768,-23.6989345,133.8809762,,,
324892693,-14.4656478,132.2652183,,,
3759068231,-12.4605581,130.8405146,,,
2413275482,-12.3903264,130.8505498,,,
3759068232,-12.5744285,131.1010994,,,
892661424,-12.5249035,131.0425475,,,
13314170050,-12.4985972,130.9865622,NT,Bakewell,Chung Wah Terrace
5631758469,-12.4705924,130.9844189,,,
1934566383,-12.3779845,130.8963282,,,
3751435276,-12.4008033,130.9155059,,,
1482248521,-36.9575018,140.7431765,,,
634805672,-35.5528897,138.6201238,,,Torrens Street
13424642719,-35.5056695,138.7775388,SA,,Albury Lane
7690161658,-35.260824,138.8906655,,,
1490976827,-35.1885252,138.478669,,,
2789625358,-35.1723222,138.4833174,,,
3200715066,-35.1436209,138.4981217,,,Colonnades Shopping Centre
5334234101,-35.1028031,138.5543922,,,Pimpala Road
3200729962,-35.0774491,138.5172183,,,
606308650,-35.075849,138.5921052,,,
2179459959,-35.0175096,138.5435961,,,
1417094574,-35.0215775,138.6158949,,,
9537128520,-34.9138967,138.5148694,SA,Fulham Gardens,Tapleys Hill Road
1304957677,-34.979187,138.5193524,,,
4358811002,-34.9756815,138.6096815,,,Belair Road
93840980,-34.9314188,138.5622255,,,
3500290189,-34.9133083,138.5641347,,,
762177599,-34.9508369,138.6054053,,,
1933328697,-34.9226803,138.6026569,,,
13025810272,-34.8489986,138.5045498,,,
11861587861,-34.8944401,138.5314269,,,
5133073690,-34.8959123,138.616859,,,Walkerville Terrace
4382912767,-34.875005,138.6005939,,,
9339780700,-34.8096451,138.6154888,,,
1590653647,-34.9477192,138.6265093,,,
314933815,-34.9274065,138.6506414,,,
2089354734,-34.8956789,138.6386645,,,
11861602758,-34.8567438,138.6350575,,,
5273006363,-34.8552712,138.6551724,,,
11834093866,-34.885978,138.6900507,,,
11862077354,-34.8103511,138.6531254,,,
4504321790,-34.8303991,138.6913265,,,
11861998389,-34.8093683,138.6853491,,,
7686739391,-34.7644116,138.6070063,,,
9016892894,-34.7409634,138.6049606,,,
9737251940,-34.6674317,138.5598799,,,
1239467020,-34.7672795,138.6257164,,,
701359486,-34.7613719,138.6463683,,,
937425973,-34.7897811,138.6945586,,,
712794234,-34.7195083,138.6674874,,,
11861587839,-34.7736921,138.7294631,,,
3804943943,-34.6702618,138.6796271,,,Peachey Road
3827816969,-34.6793685,138.7041619,,,
278116482,-34.5972811,138.7476457,,,
2302226338,-35.1199941,139.2771518,,,
2307355261,-34.2859892,140.6028167,,,
2258137796,-34.1787062,140.7435841,,,
2258027872,-33.0285051,137.5327572,,,
1912625493,-37.2825217,142.9271172,,,
771196393,-37.0466004,143.7408384,,,
2708666929,-36.8098531,144.2423203,,,High Street
2268217834,-36.7655585,144.2814042,,,
915079439,-34.2068954,142.1387666,,,
1285477487,-35.3376469,143.5580244,,,
9016840598,-37.2858316,144.947924,,,
4640090486,-36.7754017,144.3061077,VIC,Kennington,Condon Street
2160869496,-36.7039071,144.3184178,,,
2670835013,-36.3127132,145.0469747,,,
493149747,-36.3882462,145.4245579,,,
4409566999,-36.5495184,145.9889959,VIC,Benalla,Smythe Street
1001429277,-35.9991812,146.3907792,,,
2880884202,-36.1389798,146.892847,,,
5230338598,-36.1210509,146.8867459,,,
1301764616,-36.0798443,146.9196394,,,
3617281991,-36.0484169,146.9339998,NSW,Lavington,
11083615634,-36.0434649,146.9909932,NSW,Thurgoona,Shuter Avenue
621763511,-35.1416387,147.3763842,,,
2212336704,-35.1153647,147.3718394,,,
7238007781,-34.2898088,146.0542034,NSW,Griffith,Banna Avenue
5710181746,-31.9635537,141.4489502,,,
1339617383,-30.5623013,136.8973546,,,
581881641,-36.4149572,148.6206192,,,
6154647448,-36.8862796,149.9092811,,,
1897524346,-36.8623839,149.9134682,,,
2592533302,-36.6749985,149.8409493,,,
4119783720,-36.4268706,150.0791896,,,
3287366486,-36.2240996,150.1272031,NSW,Narooma,Princes Highway
3877570484,-35.7047131,150.1764493,NSW,Batemans Bay,Clyde Street
2381941737,-35.3001889,148.2239109,,,
2378561614,-35.0638676,148.101558,,,
9037654665,-35.4577491,149.0923992,,,Sidney Nolan Street
2156915851,-35.4345669,149.1143468,,,
8614753366,-35.4170619,149.0677757,,,
557288844,-35.4039082,149.0986315,,,
288983014,-35.3802681,149.057451,,,
287864647,-35.3408858,149.0525736,,,
309018219,-35.3658467,149.0947042,,,
705816747,-35.3457165,149.0851455,,,
445359202,-35.222821,149.0201102,,,
1602551988,-35.3805458,149.2009169,,,
2130926379,-35.2983585,149.1911073,,,
444677702,-35.2047136,149.0332609,,,Charnwood Place
596068077,-35.1849457,149.1339656,,,
2360902304,-35.1613075,149.1389118,,,
7808386452,-35.3596222,150.473168,NSW,Ulladulla,Princes Highway
4405318490,-35.0751611,150.6558677,,,Naval College Road
1125570232,-34.8758038,150.607174,,,
1912645376,-34.7577534,149.7181755,,,
3894051980,-34.4471104,150.4389648,NSW,Mittagong,Roscoe Street
6180138089,-34.5883397,150.866134,,,
6450888412,-34.5724136,150.7740303,,,
4405565614,-34.5633406,150.8400397,,,
11245027811,-34.5465181,150.8632515,NSW,Warilla,Shellharbour Road
1894436125,-34.4952207,150.7940729,,,
11861788588,-34.4859404,150.8890526,,,
11862061525,-34.4360611,150.8635403,,,
2643529442,-34.2231181,150.5925944,,Tahmoor,Thirlmere Way
11861607520,-34.3742104,150.8978546,,,
6433345937,-34.0699631,150.7286456,,,
3207040815,-34.0419437,150.7384975,,,
3207033770,-34.0481635,150.759667,,,
10656549312,-34.0270745,150.7778457,,,
10536141584,-34.1011299,150.799585,,,
2179162259,-34.0754121,150.7980966,,,
2179164265,-34.0714712,150.8038638,,,
2179160156,-34.0683942,150.8101469,,,
4210155600,-34.0329589,150.8164863,,,
3885546802,-34.0302192,150.8495955,,,
5828327193,-33.9965386,150.7920619,,,Emerald Hills Boulevarde
11117829663,-33.9619452,150.8063384,NSW,,
2403139068,-33.9990316,150.8639334,,,Cnr Nardoo & Norfolk Streets
3912408809,-33.9872443,150.8909891,,,
268173355,-34.0640468,151.0137778,,,
10224709400,-34.0133477,151.0160731,,,
9979213562,-34.0344795,151.0734026,,,
3146752239,-34.0160052,151.0660093,,,
2200978127,-34.0349243,151.0989592,,,
4348404155,-33.9684191,151.0648948,NSW,Mortdale,Roberts Avenue
18255251,-34.0436411,151.1183731,,,
11861648350,-34.0384197,151.1420573,,,
11823898100,-34.0105957,151.1034746,,,
6522469061,-33.9660028,151.106241,,,
11005255148,-33.9673466,151.1111388,,,Durham Street
1095964185,-33.962419,151.1328907,,,
11826976320,-33.9583382,151.1406466,,,
6594152038,-33.9578094,151.2313441,,,
821389445,-33.8361298,148.6919663,,,
12373093092,-33.2841857,149.0981181,,,
1874464354,-33.2536759,149.100533,,,
1272843754,-32.5552672,148.9441766,,,
364050366,-33.4195177,149.5817997,,,
364050520,-33.4175706,149.583025,,,Howick Street
2763942902,-33.716617,150.3097851,,,
12885533404,-33.8913331,150.6190303,,,
458680006,-33.789278,150.6684464,,,
559971467,-33.7527934,150.6587882,,,
3076309219,-33.774145,150.696101,,,
1329153398,-33.7506749,150.6905954,,,
8093012298,-33.769139,150.7346232,,,
1893124557,-33.7669754,150.7699916,,,
6366215012,-33.95191,150.8553215,NSW,Prestons,Camden Valley Way cycleway
3207004265,-33.9369318,150.8457869,,,
2787157462,-33.9197639,150.8830457,,,
3937568231,-33.9078123,150.8676258,,,
11862112540,-33.8868041,150.8489957,,,
448610224,-33.8867361,150.8897456,,,
448598894,-33.9182121,150.9239052,,,
2377802761,-33.9334853,150.9492869,,,
1978769741,-33.8932306,150.9385289,,,
3737469457,-33.8600863,150.8977335,,,
3239171041,-33.8642366,150.9388534,,Fairfield Heights,The Boulevarde
3728560028,-33.899708,150.9932269,,,
11501874330,-33.8684498,150.9566816,,Fairfield,Smart Street
1480994671,-33.7679775,150.8197084,,,
10289380494,-33.7836728,150.85313,,,
617986048,-33.8181755,150.9331628,,,
606203399,-33.8287181,150.9514309,,,
9467352819,-33.8350097,150.9902499,,,
2618190721,-33.8027349,150.95554,,,
1716269277,-33.815448,150.9714286,NSW,Wentworthville,Great Western Highway
3099719648,-33.7755774,150.9312462,,,
3937087831,-33.7703388,150.9071803,,,
11862049490,-33.7876027,150.9492426,,,
1314982824,-33.7726145,150.9700783,,,
836018813,-33.7586008,150.9923688,,,
9771050985,-33.7269341,150.7251381,,,
3732778603,-33.6010009,150.753114,,,
1004721228,-33.7443556,150.8094212,,,Jersey Road
4238776489,-33.7460229,150.8361623,,,
7758641506,-33.7252298,150.8452528,,,
8380734766,-33.7399817,150.8858965,,,
4253424590,-33.703851,150.8759113,NSW,Schofields,
4839519621,-33.7434269,150.9223303,,,
359881667,-33.7337606,150.928205,,,
4394218680,-33.7060477,150.9114223,,,
692509445,-33.7465487,150.9522412,,,
1974473596,-33.6902023,150.9275802,NSW,Rouse Hill,Market Lane
4954092952,-33.6860202,150.9513799,,,
1080476560,-33.6051584,150.8214583,,,
6152686991,-32.5925557,149.5870466,,,
1419112913,-32.2544176,148.5776984,,,
4161090168,-32.2559791,148.6321639,,,
9445847175,-32.2456148,148.6010188,,,
1272611858,-31.2730952,149.2755328,,,
3891599242,-32.2630595,150.8907447,,,
1010812796,-32.0479265,150.8688899,,,
5653800928,-31.0967255,150.9361061,NSW,Tamworth,Peel Street
2200931296,-33.9151746,151.0409224,,,
4803278250,-33.9527939,151.0512303,NSW,Riverwood,Belmore Road
11834454570,-33.9353534,151.0690219,,,
7142074990,-33.926105,151.058126,,,
11696535062,-33.9181527,151.0757911,,,
1814888518,-33.8821986,151.0002949,,,
2501058116,-33.8716758,151.0320995,,Berala,
3728560499,-33.892446,151.0616339,,,
4417548041,-33.8727087,151.0930478,,,
3522832393,-33.9412118,151.1000472,NSW,Kingsgrove,Mashman Avenue
4971489094,-33.9125035,151.1180258,,Canterbury,Charles Street
2322432235,-33.9305917,151.1541661,,,
4386171594,-33.9229274,151.1858394,,,Church Avenue
201642290,-33.8888624,151.1235965,,,
11493806434,-33.8809551,151.1317423,,,
3088471554,-33.8849317,151.1483629,,,
207334338,-33.8744396,151.1050072,,,
7079317857,-33.8774571,151.1019714,NSW,Burwood,Railway Parade
9329081674,-33.9041623,151.1899282,,,
4924219553,-33.9027374,151.1946733,,,
3918035357,-33.8810537,151.2027041,,,
885685987,-33.8579345,151.1811878,,,
11211381167,-33.8502351,151.0319064,,,
6779489131,-33.8180336,151.0029769,NSW,Parramatta,Church Street
6779489134,-33.8175801,151.0044795,,,
3915510130,-33.8490044,151.0479237,,,
1872671395,-33.8340473,151.0556606,,,
11861578458,-33.8301207,151.0860029,,,Walker Street
3838326027,-33.8067023,151.08824,,,
11422466180,-33.7919122,150.9993311,,,Windsor Road
2945686714,-33.776417,151.0528086,,,
2579023535,-33.7921756,151.08149,,,
7095124967,-33.7492979,151.0646824,,,
10648668219,-33.8118455,151.1074631,,,
4387035391,-33.8274991,151.2016989,,,Falcon Street
677419678,-33.8151359,151.1691258,,,
218159462,-33.778528,151.107676,NSW,Marsfield,Balaclava Road
1248155780,-33.7776776,151.1201923,,,
248252452,-33.755084,151.1518233,,,
6115285078,-33.9511631,151.2305818,,,
18465889,-33.9445458,151.2249659,,Eastgardens,
4727129892,-33.9200959,151.2538217,,,
1564720150,-33.8945995,151.2049073,,,Chalmers Street
4235962257,-33.891633,151.2515022,,,Oxford Street
3910196921,-33.8785274,151.243768,,,
9888936687,-33.8939774,151.2630931,NSW,Bondi,Bondi Road
1302910676,-33.8102799,151.2085435,,,
2275239587,-33.7505958,151.2246462,,,
1417009836,-33.7658958,151.2647602,,,
6314939218,-33.7530672,151.2876039,,,
4571153170,-33.7451415,151.0302737,,,
5901232301,-33.7204955,151.044149,,,
248181056,-33.7313049,151.0819032,,,
2053851894,-33.7047506,151.0993583,,,Pacific Highway
6467452446,-33.6932248,151.018303,,,
3384633596,-33.7298013,151.1598144,,,
1894625634,-33.6015297,151.0069111,,,
2174681312,-33.7121947,151.2979876,,,
2267893632,-33.6957119,151.2952831,,,
599918443,-33.4862746,151.3257188,,,Blackwall Road
3118226983,-33.439013,151.3952262,,,
623810970,-33.4257529,151.3440886,,,
6357532503,-33.3082291,151.4148188,,,
3084114968,-33.2396252,151.5037314,,,
3511626997,-33.188249,151.5591909,NSW,Lake Munmorah,Tall Timbers Road
2393649667,-32.8341203,151.3547031,,,Keene Street
1731398348,-33.1087612,151.4858446,,,
2063892309,-33.0145442,151.5959676,,,
6763590109,-32.9159585,151.5968979,,,
1522953928,-33.0869648,151.6383784,,,
3582317994,-33.0364352,151.6593062,,,
611543589,-32.9842469,151.6730281,,,
11820771232,-32.9637419,151.6932382,,,
598419215,-32.9346813,151.6413207,,,
2363015783,-32.92881,151.7638337,,,
2736034128,-32.7631339,151.5919125,,,
7855748484,-32.7346539,151.5537448,,,
3196452709,-32.7153005,151.5264904,,,
9044692982,-32.7024173,151.540371,,,
1757115964,-32.9035336,151.6898428,,,
446876543,-32.8867789,151.7197521,,,
1037984533,-32.801712,151.6578691,,,
539945824,-32.7630461,151.7415802,,,
539945895,-32.7609836,151.7446432,,,
709966598,-32.5666034,151.1637894,,,
8262843625,-32.7405969,151.86657,,,
6250571634,-32.7357645,152.1065631,,,
4723686975,-32.0100081,151.9572587,,,
12761580509,-32.200981,152.5184682,,,
990051886,-31.9106627,152.4581513,,,
3952962157,-31.5532464,152.8533633,,,
2272130809,-31.0780133,152.8437705,,,
983328267,-30.7125828,152.9217758,,,
410043848,-30.644429,153.0032713,,,
1304771493,-30.3222882,149.7809226,,,
4312020597,-30.3546045,153.0924608,,,
4191521427,-29.6913811,152.9367557,,,
1437890133,-28.6537747,151.9353677,,,
5651505174,-27.7173504,151.631226,,,
5393335939,-27.6023479,151.9139028,,,
441038763,-27.5650128,151.9317284,,,
528523533,-27.5948915,151.9511262,,,
11861697941,-27.5612664,151.9517714,,,
21312750,-27.570965,151.9761055,,,
506459207,-27.5438016,151.9255402,,,
1535820882,-27.4501392,151.9452052,,,
2162081328,-27.4576966,152.6539078,,,
3477989504,-28.8106032,153.2766415,,,Carrington Street
2924066156,-28.8109447,153.2866527,,,
8515880305,-28.8229945,153.3279956,,,
11862126589,-28.1063068,153.4050397,,,
5058381197,-28.1202143,153.4531985,,,
8260977246,-28.1335186,153.4678163,,,
4030700549,-28.8711789,153.5615535,NSW,Ballina,River Street
1841274156,-28.8577796,153.5592076,,,
8498329641,-28.6470127,153.6120783,NSW,Byron Bay,Jonson Street
4927859321,-28.3319381,153.5690291,,,
5334248427,-28.2561176,153.5745398,,,
3446325071,-28.2021882,153.5465943,,,
5533549293,-28.1679353,153.5384158,,,Marine Parade
3490022688,-27.985453,152.9965607,,,
12183606198,-27.8170773,152.9645954,,,
2261085304,-27.8306351,153.0251796,,,
454146675,-27.737118,152.9832161,,,
270223662,-27.6783309,152.9029746,,,
396596377,-27.6964868,153.0390067,,,
11214904543,-27.6770469,153.0815937,,,
596833679,-28.0792997,153.3656747,,Mudgeeraba,Swan Lane
2746581384,-28.0785117,153.3862792,,,
2261089958,-27.9998104,153.3386489,,,
3369555932,-28.0290908,153.3869718,,,
3552021868,-27.9874489,153.3844385,,Ashmore,Cotlew Street
3354856140,-28.0450795,153.4081078,,,
4286763601,-28.0370353,153.425735,,,
2717038425,-28.0298361,153.4320886,,,
1308482458,-28.0023579,153.4289005,,,
3532111329,-28.000847,153.4273378,,,
3552382395,-27.9861145,153.4090595,,,
1797851775,-27.9454488,153.3240621,,,
3827954120,-27.9286457,153.3368518,,,
9700306693,-27.9617606,153.387362,,,
2617762720,-27.9321537,153.3875939,,,
3985405115,-27.8914002,153.3127871,,,
1278107157,-27.9136307,153.4012269,,,
11861629986,-27.8778976,153.3647499,,,
2261097031,-27.968336,153.415703,,,
735998263,-27.8522459,153.3005911,,,
7447433485,-27.7860733,153.2519172,,,
7974935071,-27.7661179,153.1081045,,,
9642453515,-27.7538694,153.187751,,,
7286929878,-27.6689935,153.1376375,,,
10246046158,-27.6702677,153.1915962,,,
745976311,-27.7178895,153.2062327,,,
9729952425,-27.8526975,153.3130617,,,
9761443293,-27.852399,153.3362285,,,
2925599542,-27.8246757,153.3163613,,,
4381296201,-27.6620806,152.7403363,,,
1133475660,-27.5974419,152.7466685,,,
3091796528,-27.6079679,152.7586951,QLD,North Ipswich,
3189917551,-27.6161879,152.7900194,,,
11902700355,-27.6640382,152.849626,QLD,Redbank Plains,School Road
804667874,-27.6449769,152.8702287,,Redbank Plains,Redbank Plains Road
8910893649,-27.624931,152.8560755,,,
1319911974,-27.5706228,152.7983158,,,
5199558487,-27.6635709,152.8916418,,,
8730239134,-27.6245253,152.968092,,,
632873556,-27.6103105,152.8966102,,Goodna,Smiths Road
13429863454,-27.6132351,152.9859208,QLD,Doolandella,Blunder Road
13461806559,-27.6597175,153.0392147,,,
2484578850,-27.6631485,153.0424048,,,
690176499,-27.6309699,153.0448886,,,
11074264392,-27.5759115,153.0261201,,,
1076237346,-27.6128381,153.0524087,,,
1081346451,-27.609909,153.0559578,,,
11074264393,-27.5896617,153.0865522,,,
329902917,-27.5702107,153.0651199,,,
794940019,-27.5616848,153.082049,,,
311429437,-27.5489219,152.9385954,,,
158010473,-27.5323748,152.981258,,,
11862028676,-27.5238695,153.0125968,,,
2642770997,-27.5311045,153.0231814,,,
8661551888,-27.5392944,153.0828436,,,
7919531590,-27.486081,153.001125,,,
1583479969,-27.5007759,153.0360864,,,
8756944558,-27.4775946,153.0111791,,,
700498632,-27.4588292,152.9980697,,,Latrobe Terrace
1541907423,-27.4687329,153.0276973,,,
290081135,-27.4624424,153.0299057,,,
11074264391,-27.4923955,153.0413068,,,
10726800512,-27.4938976,153.05716,,,Harries Road
5700721425,-27.5010427,153.0765658,,,
3335308201,-27.466317,153.0803707,,,
2428104344,-27.4160863,152.9497593,,,
3111899075,-27.4101115,152.9799982,,,
324902795,-27.3595388,152.9694722,,,
7416126172,-27.444596,152.9934147,,,Ashgrove Avenue
10277637378,-27.407756,152.9917943,,,
158448470,-27.411919,153.012632,QLD,Stafford,Stafford Road
3129208601,-27.4509718,153.0445014,QLD,Newstead,Skyring Terrace
5862700103,-27.4271415,153.0718725,,,
474981739,-27.4153459,153.0817271,,,
260099291,-27.3939453,152.996384,,,
475019463,-27.380707,153.0324498,,,
11074264386,-27.3758845,153.0244356,,,
11377244456,-27.3608124,153.0139084,,,
249774363,-27.4030652,153.0612001,,,
6084356113,-27.3765863,153.0773324,,,
5219780268,-27.337715,152.9629791,,,
9083541755,-27.2936211,152.9520605,,,
5751949261,-27.344915,153.0107617,,,
5245638898,-27.3070831,152.9936032,,,
11074264384,-27.3201758,153.0418519,,,
615107046,-27.3205368,153.0688663,,,
617503540,-27.2515055,152.9992485,,,
1973720016,-27.6328096,153.1377802,,,
1959940492,-27.6146135,153.1260632,,,
3853176682,-27.6564064,153.1705058,QLD,Shailer Park,Commercial Drive
1959936244,-27.6069033,153.1095998,,,
7256348359,-27.5873581,153.2802799,,,
7256348358,-27.5863678,153.2850186,,,
7092060787,-27.5243416,153.1942187,,,
10105410620,-27.5240467,153.1914202,,,
2149048519,-27.5043082,153.1020786,QLD,Carindale,
331124791,-27.4717255,153.09972,,,
828422261,-27.4745237,153.155868,,,
11074264389,-27.4563918,153.1551353,,,
10218826516,-27.5239702,153.2219033,,,
1363413262,-27.5265091,153.2680278,,,
3359308426,-27.4906462,153.218178,QLD,Birkdale,
11861747851,-27.612026,153.3019811,,,Broadwater Terrace
4242775789,-27.4447303,153.1717961,,,
3926410228,-26.5732621,148.7898914,,,
2094404290,-26.7398881,150.6235498,,,
1787805222,-24.4028331,150.5137496,,,Gladstone Road
21279660,-27.1808961,151.2684376,,,
1792730891,-26.5414858,151.8365141,,,
6229144416,-26.1992504,152.6503671,,,
222261948,-26.1986793,152.6675314,,,
5922396081,-27.1554857,152.9750217,,,
10224947129,-27.229101,152.990282,,,
2395901140,-27.2410484,153.0139494,,,
10698432056,-27.1942757,153.028662,,,
3315837663,-27.2253407,153.0868321,,,
11862005933,-27.0903437,152.9265096,,,
13366438008,-27.1385226,152.9837028,,,
7634584367,-27.1019,152.951172,,,
2536380112,-27.0941496,152.9518019,,,
2027228552,-27.0780556,152.964789,,,Pettigrew Street
8735656840,-26.9518965,152.778343,,,
2871832222,-26.8564505,152.9548071,,,
11861989155,-27.2447771,153.1078617,,,
7081635883,-27.2304206,153.1147677,,,
2946812694,-27.0440497,153.1369821,,,
2946813592,-27.0638075,153.1573803,,,
2291364983,-26.8338238,153.108233,,,
4327602189,-26.7582481,152.8540999,,,
3365449934,-26.6255968,152.9613394,,,
12787609002,-26.7175401,153.0495221,,,
3926905552,-26.6526925,153.0919459,,,
6329107258,-26.6565198,153.0871385,,,
1975769614,-26.5383727,153.0790793,,,
5316008627,-26.4154528,153.0476297,QLD,Noosaville,Eenie Creek Road
4757352823,-26.8046219,153.1227863,,,
761253665,-26.7724638,153.1223875,QLD,Currimundi,Nicklin Way
3033914409,-26.7038869,153.1307399,,,
7140603105,-26.3911409,153.0382864,,,
9939259648,-26.4009794,153.065196,,,
3619421898,-24.8727199,152.3491579,,,
11330383922,-24.8702743,152.3805738,,,
1984120404,-24.8179219,152.4559183,,,
11862084962,-23.9476275,151.3529068,,,
1584517033,-25.2867586,152.815442,,,
12262950697,-25.2926279,152.892449,,,
11861985480,-19.3632835,146.7304315,,,
3355144059,-19.3144669,146.7254213,,,
1861087263,-19.3000265,146.7262081,,,
11862027426,-19.3035529,146.7416005,,,
5590821336,-19.2999577,146.7619511,,,
11862006321,-19.2868799,146.7614565,,,
11832456776,-19.253496,146.6996734,,,
1500868929,-19.2721521,146.7921792,,,
2141293962,-19.3149883,146.8176784,,,
832516580,-19.5737298,147.4083341,,,
1495125990,-19.2601877,146.8153266,,,
880532438,-17.2619648,145.4787567,,,
2115990806,-17.8983972,146.0922592,QLD,Wongaling Beach,Dickinson Street
1292972857,-17.5250582,146.030989,,,
755815129,-12.183894,136.7868183,,,
3355140715,-16.9901023,145.7400457,,,
3355139143,-16.9442283,145.7396094,,,
3355135951,-16.9260834,145.7404642,,,
5136987113,-16.8960418,145.6990227,,,
286272243,-16.8383523,145.6921741,,,
11861982374,-16.9258943,145.7731886,,,
997429632,-16.922207,145.777165,,,Abbot Street
5634144427,-16.4666741,145.3726263,,,
616884117,-12.639178,141.8644006,,,
7125037879,-23.5187181,148.1557478,,,
3548919448,-23.5337354,148.1747097,,,
2708863580,-23.5754922,148.8898966,QLD,Blackwater,Blain Street
3417276618,-23.4335053,150.4532703,,,
3418704244,-23.3906722,150.5030909,,,
2705104620,-23.3539504,150.5225671,,,
2705104612,-23.3595163,150.5246411,,,
5926516555,-23.3042971,150.5162558,,,
3085468930,-23.1319551,150.7371018,,,
2248086886,-21.4242326,149.218905,,,
1908326060,-21.1752899,149.15137,,,
2546432329,-21.1470942,148.9517141,,,
1646866462,-21.1609024,149.0652594,,,
1635115033,-21.1187573,149.159673,,,
1889022226,-21.1392859,149.1784579,,,
2605964831,-21.065883,149.1607191,,,
3890023126,-23.8696145,151.2420227,,,
3771288252,-23.8469856,151.2593946,,,
2429126271,-20.0017089,148.2403329,,,
250763048,-20.2904912,148.673379,,,
342492317,-37.8305333,140.7899754,SA,Mount Gambier,Commercial Street East
797252398,-37.8303805,140.7893185,,,
358817052,-42.7826424,147.0649611,,,
172806920,-42.874589,147.3248623,,,
27615116,-42.8952788,147.3257109,,,
326662320,-42.8578725,147.3032616,TAS,New Town,New Town Road
804041933,-42.8317539,147.273398,,,
208831096,-42.8469412,147.3530114,TAS,Lindisfarne,Franklin Street
158867512,-41.0698915,145.9005598,TAS,Upper Burnie,Mount Street
47325081,-41.5252924,146.6521041,,,
243360635,-41.1563405,146.1703042,TAS,Ulverstone,Crescent Street
88759835,-41.4647153,147.1604867,TAS,Kings Meadows,Hobart Road
376024005,-41.4407108,147.13653,TAS,Launceston,Wellington Street
104738076,-41.1073868,146.8234121,,,
388029730,-41.1616432,147.5147127,,,
119107097,-38.3778225,142.4795666,,,
304125211,-38.3824132,142.518366,VIC,Warrnambool,Gateway Road
105576440,-38.2320961,143.1505752,,,
105575742,-38.3417674,143.5852858,,,
509215522,-37.5922261,143.8041377,,,Glenelg Highway
220228629,-37.5861811,143.8400124,VIC,Sebastopol,
204428479,-37.5644091,143.8621232,VIC,Ballarat Central,Eastwood Street
148877258,-37.5404933,143.8301988,VIC,Wendouree,Howitt Street
71071343,-38.3312059,144.3234011,,,
569762920,-38.3079781,144.3302231,,,
1234494581,-38.1988403,144.3191948,,,
266705119,-38.1724143,144.3232461,,,
266485658,-38.1724532,144.5695563,,,
129602943,-38.372092,144.830002,,,
315229190,-38.3561105,144.9074665,,,Point Nepean Road
43594187,-38.6045689,145.5895941,,,Murray Street
33069545,-38.3090184,145.1910615,VIC,Hastings,Victoria Street
313189859,-38.1529953,145.1670674,,,
43546930,-38.4764578,145.9440794,,,
266734117,-38.1458229,144.3360867,VIC,Newtown,Shannon Avenue
556547748,-38.0226823,144.4089837,,,The Centreway
400523729,-38.1157573,144.6534684,,,
45231460,-38.0543304,145.1158311,,,
39581668,-37.981623,145.0624125,,,
137381684,-37.9490549,145.0409963,,,
1039825454,-37.9595542,145.0555939,,,
482165285,-37.8427366,144.8448831,,,
242170433,-37.7448814,144.8016816,,St Albans,Main Road East
27370878,-37.7381501,144.8928594,,,
320594363,-37.9371235,145.0020806,,,Hampton Street
1033660875,-37.9154629,144.99538,,,Church Street
42387687,-37.9347217,145.0389409,,,Taylor Street
38133869,-37.8889215,145.0410268,,,
116061199,-37.8876801,145.0564116,,,
180072288,-37.866424,145.0937422,,,Warrigal Road
38313264,-37.8311018,144.9307435,,,Plummer Street
25717450,-37.7677535,144.9214136,VIC,Moonee Ponds,Pratt Street
5078930,-37.7697835,144.9600119,,,
26585550,-37.7438688,144.9638043,,,
28296634,-37.751159,145.003581,,Preston,Plenty Road
220483801,-37.737145,145.0028388,,Preston,Murray Road
220714521,-37.8057563,145.0309266,VIC,Kew,Walpole Street
179749474,-37.812641,145.0831702,,,
709826601,-37.7590857,145.0686273,VIC,Heidelberg,Lower Heidelberg Road
307247316,-37.7383116,145.0284356,,,
74132052,-37.5782519,144.7279001,,,
300805338,-37.6723358,145.0145459,,,
288302256,-37.6950185,145.0585251,,,
49742215,-37.7048039,145.1000868,,,
532830670,-37.6486029,145.0749791,,,
1188874629,-37.5347444,144.9605446,,,
32742446,-38.1092936,145.1265883,,,Nepean Highway
1023515331,-38.1411816,145.2075134,,,
297124598,-38.1020969,145.1836689,,,
1088332200,-38.067669,145.1433995,,,Gladesville Boulevard
221010720,-37.9533977,145.151589,,,Springvale Road
194204570,-38.0441357,145.3689227,,,Sylvia Road
41654970,-37.8527844,145.1344072,,,
37320016,-37.8374684,145.1844001,,,Stevens Road
109562315,-37.9209702,145.2351822,,,
1166006850,-37.8983779,145.2318694,VIC,Scoresby,Ferntree Gully Road
32079895,-37.889438,145.2936982,VIC,Ferntree Gully,Burwood Highway
108178136,-37.883705,145.2778081,VIC,Ferntree Gully,Burwood Highway
85466397,-37.8408888,145.2627028,VIC,Bayswater,Mountain Highway
418248053,-37.8616619,145.2843812,,,
135971292,-37.8312489,145.1473581,,,
1185033336,-37.7894683,145.15829,VIC,Doncaster East,Doncaster Road
1343272640,-37.7577409,145.313712,VIC,Chirnside Park,Maroondah Highway
107692700,-37.9095382,145.3526923,,,Burwood Highway
132983798,-37.9276332,145.4452677,,,Belgrave-Gembrook Road
219869010,-38.1355663,145.8577348,,,
71679091,-37.7141239,145.1502458,,,
93169080,-38.1754921,146.2645728,,,
1341511245,-38.1963884,146.5342219,,,
317937786,-37.9671415,146.9755215,,,
165670175,-37.8247143,147.6271329,,,
1269009619,-33.9508577,115.0758972,WA,,
314585704,-33.6492375,115.3452458,WA,,
238940726,-32.532937,115.7204464,,,
655517595,-32.5346745,115.741911,WA,,
1298946077,-32.4076957,115.7586397,,,Warnbro Sound Avenue
1035666160,-32.1030081,115.7625698,WA,North Coogee,Calypso Parade
998643306,-32.0808731,115.8074955,,,
1475042426,-32.1492294,116.0148516,,,
299445507,-32.0481579,115.7944977,WA,,
1320078094,-32.0643625,115.8575327,WA,,
835224325,-31.9866278,116.0081259,,,Strelitzia Avenue
255376491,-33.6923564,117.5545465,WA,Katanning,Clive Street
241775590,-17.308931,123.646507,WA,,
1250385879,-12.3733864,130.8814081,,,
295319197,-34.7220832,135.859321,SA,Port Lincoln,Liverpool Street
259538792,-35.1397032,138.4782631,SA,Christies Beach,Beach Road
260600397,-35.1232806,138.5243481,,,
581224379,-35.0161193,138.5221384,,,
302908124,-34.9682883,138.5898794,,,
203684560,-34.8806922,138.4903034,,,
451871161,-34.8738592,138.5489826,,,
1228734899,-35.08918,138.8754904,,,
469679257,-35.0652685,138.8573452,,,
302022752,-33.9642254,137.7147916,,Kadina,Forster Street
258157186,-34.1784804,139.9866394,,,
265203154,-34.4510986,140.5712642,,,Martha Street
260699747,-33.0209725,137.5411879,,,Viscount Slim Avenue
260707371,-33.1793881,138.0100331,,,
526759402,-33.8319955,138.6123353,,,
108293755,-32.4900124,137.7615474,,,
87335925,-36.7161053,142.1961476,,,
108329026,-37.0555356,142.7800919,,,
1387137327,-37.0678903,144.2223679,,,
51469190,-36.7669138,144.2651965,,,High Street
97054897,-35.7339221,143.9167206,,,
680247122,-34.1860071,142.1587083,VIC,Mildura,Langtree Avenue
71284460,-37.2485895,144.4520922,VIC,Kyneton,Jennings Street
63048521,-37.0231122,145.1359228,,,
1295555528,-36.1366794,144.7273986,,,
265205374,-36.1296895,144.751593,VIC,Echuca,
245286326,-36.1076621,144.7508204,,,
392014205,-36.3952995,145.3580616,,,
893993075,-36.3834761,145.4114227,,,
375885707,-35.9198826,145.6465119,VIC,Cobram,Punt Road
283911145,-36.7272792,146.9589454,,,Gavan Street
219397030,-36.3538446,146.3234817,,,
477617878,-36.0156398,146.0035057,,,
32197969,-35.1064327,147.3687894,,,
306194413,-34.5506637,146.3981986,NSW,Leeton,Palm Avenue
368392760,-34.2854595,146.0433096,NSW,Griffith,Binya Street
346678591,-34.4438709,147.5313719,,Temora,Hoskins Street
304758821,-36.2333976,149.1240621,NSW,Cooma,Vale Street
249653000,-35.9107125,150.0814833,,,
126882063,-35.365803,149.0946952,,,
1286477901,-35.2386968,149.0652715,,,Benjamin Way
30753389,-35.3495309,149.2334626,,,
37413372,-35.2500117,149.1386281,,,
87377940,-34.8455649,148.9149175,,,
222133405,-34.636933,148.0244403,,,
1453556737,-34.3111747,148.2915512,,,
1011190502,-34.9303106,150.7563468,,,
389803891,-34.8736311,150.602747,,,Kinghorne Street
960097794,-34.8446509,150.5960481,NSW,Bomaderry,Princes Highway
441086078,-34.4812682,150.4179674,NSW,Bowral,Bong Bong Street
317134179,-34.666815,150.8501324,,,
209945201,-34.5662447,150.8302018,NSW,Shellharbour City Centre,New Lake Entrance Road
688264534,-34.4553128,150.8431066,,,
124052926,-34.4269874,150.8960962,,,
124965330,-34.39158,150.8938703,,,
363545584,-34.3367436,150.9130429,,,
55951435,-34.0540691,150.6936738,,,
1422401684,-34.0003644,150.7405423,,,
778708134,-33.3848787,148.0055915,,,Rankin Street
778709010,-33.134021,148.1746211,NSW,Parkes,Clarinda Street
444405078,-33.2843156,149.0980957,,Orange,Anson Street
210566186,-33.482326,150.1560283,,,Mort Street
390021736,-33.9539986,150.8968658,,,Hume Highway
1017034257,-33.7953772,150.7882171,,,
527671647,-33.796376,150.9050362,,,
1112685719,-33.7200867,150.7109507,,,
336979923,-33.7131678,150.9710841,,,
1301075416,-31.0906578,150.9188582,,,
568392502,-30.9770327,150.2502506,,,
24263356,-33.9515717,151.0127164,NSW,Revesby,Marco Avenue
104449851,-33.9538666,151.0343184,NSW,Padstow,Faraday Road
249444640,-33.8588325,151.0927084,,,Concord Road
324626822,-33.914039,151.1029731,,,
778203930,-33.9165951,151.1503796,,Marrickville,Illawarra Road
605984541,-33.9071953,151.1711557,,,
26210739,-33.8417343,151.0093121,,,
424871196,-33.8197618,151.0203386,,,Oak Street
399121769,-33.8146313,151.0543895,,,
1108421439,-33.7862607,151.1981564,,,
584394516,-33.914704,151.2407291,,,
387741340,-33.8733505,151.207381,NSW,Sydney,Park Street
27327200,-33.8320824,151.2235296,,,
376660453,-33.7876851,151.2672814,,Balgowlah,Roseberry Street
1275123571,-33.7392464,151.2094431,,,
1456605791,-33.6753959,151.3024229,,,
294903990,-33.5213038,151.3204781,NSW,Umina Beach,West Street
446616446,-33.3863073,151.3673419,,,
763530323,-33.3735264,151.4727425,,,Bay Village Road
664875026,-33.2635721,151.4659924,NSW,Wadalba,Figtree Boulevarde
813771819,-32.9402473,151.6586939,,,
496416233,-32.9410624,151.7111091,,,
376026745,-32.8998485,151.7390716,,,
597614565,-32.7223133,152.1429363,,,
1081289291,-32.1758886,152.4986818,,,
136470458,-32.2008213,152.5182727,,,
1271066938,-31.634839,152.7549891,,,
1083981220,-31.4265538,152.8945385,,,
515818271,-29.4672626,149.840254,,,
563753562,-30.5118543,151.6619591,,,Beardy Street
1032476081,-29.7714874,151.1123771,,,Sweaney Street
369674967,-29.7418142,151.734011,,,
343815651,-30.2974809,153.1141744,NSW,Coffs Harbour,Park Avenue
1019628437,-30.2835392,153.1305927,,,
544739512,-30.1119354,153.1895662,,,Solitary Islands Way
1223391922,-28.2148547,152.0314365,,,Palmerin Street
497385582,-27.5625336,152.4222046,,,
137148876,-28.5507306,153.5031522,,,
879111184,-28.8074924,153.5827646,NSW,Lennox Head,Hutley Drive
620571455,-28.1715659,153.54379,,,
1279897391,-27.708777,153.0964003,QLD,Logan Reserve,
515715801,-27.7113419,153.1616375,QLD,Holmview,Logan River Road
186202378,-27.5965121,152.9587514,,,
584828029,-27.598307,152.9735008,,,
429788615,-27.5593049,152.9505425,,,
428125877,-27.5533051,152.9750522,,,
1271099717,-27.5065264,152.9475041,,,
567779730,-27.4982545,152.9735012,,,
204338458,-27.5115126,153.0325123,,Annerley,Ipswich Road
1240042206,-27.4850443,152.9922294,,,
1347944915,-27.4777029,153.011213,,,
1303201333,-27.4224072,153.0342118,,,
243878351,-27.4507488,153.057486,,,
24984731,-27.269488,152.9756773,,,
25505345,-27.3509798,153.0489741,,,
24530389,-27.6438069,153.1165821,,,
32929351,-27.1725652,152.9376735,,,
292552241,-27.2139394,153.045594,,,
569787448,-27.1166456,152.9527824,,,
271421592,-26.6879447,153.0498594,,,
1408218586,-26.6929298,153.0916828,,,
606798457,-25.9706122,152.985608,QLD,Cooloola Cove,Santa Maria Court
256283136,-25.2319952,152.2706001,QLD,,Bruce Highway (Churchill Street)
1285338811,-24.8880547,152.3194376,,,
474550380,-23.8955872,151.2456476,,,Kirkwood Road
214719844,-25.5364247,152.7030842,,Maryborough,Adelaide Street
308343809,-25.2839415,152.8427312,,,
221065575,-20.7280535,139.4920254,,,
239262297,-20.0758266,146.2590177,,,
600716067,-19.278332,146.801267,,,
1277807885,-17.0874799,145.7741822,,,
323929152,-20.2697963,148.7188196,,Airlie Beach,Waterson Way
9389462,-35.1944137,149.0194437,,,
